Name,ELO
dvaaaa,833
northweast,758
Joel QO,704
Ownards,688
-Alucard-,687
patcher,686
Mr Fool,670
damiaf,654
Sami1998,638
Coriaceo,636
dvaaaa,833
northweast,758
Joel QO,704
Ownards,688
-Alucard-,687
patcher,686
Mr Fool,670
damiaf,654
Sami1998,638
Coriaceo,636
Godalec,627
ertruji,620
CoolStoryBro,608
XRPharmacist,600
Loulou131313,599
edwardytlo2,593
cip123,588
Mahowrath,585
vikkt,580
Avery Su,570
Virush,563
deszczyk,563
mg68,558
PREDATOR79,556
kspttw,554
solc,554
OutOf,551
slywww2020,550
GobertttOnTheMove,548
5u1,546
Krouete,544
Miles Davis,539
RDDTZ,538
brzytwa,530
Chadmild,530
THE_HUMAN_CENTIPEDE,530
02144936,527
SDFSDF,523
Knight of Moon,513
MGLô,511
FreshPrinceEric,507
sosleepy27,505
Alex_Caux,497
Sudoku,497
Tim Danke,493
best7185,488
GiocatGeneric,485
jebach_,476
RicardoJorgeGomes,475
MatMat8501,475
HoonDochA,474
Mathias0815,474
Teo21,472
joojoo5001,472
gabriele ro,471
opyy,468
BG2023,467
Rusl,464
RVJ1965,464
not,462
GreenA,461
tom3939,459
dastak,457
NRCmeSmiling,456
TwentyandOne,454
Grezza91,452
Ahmed Khonsu,452
peeka-peeka-bo,451
constigabriel,451
Goberttt,450
thierry_id,449
cur ego hic sum,445
SOLFAREMI,443
Fancy_Fence,436
space cowboy aska,436
Caro Co,435
corneliuscastoriadis,434
drilaer,430
Azertyu1234567,428
roppou,427
Yogi194,426
Alchemikaz,425
Lantier E,423
HappyKiwi,421
Nierin,420
oreko,420
scradon001,416
choleHuss,415
lasers,414
Red dress,409
Quoridor Addict,405
wickedbad,405
Hienhien,404
superlode,404
wwwsssooo,403
EB Sandberg,403
anonymousG,402
PastMaster,398
ka2718,398
Akuma21,397
quoaitoma,396
aaabcdefg910,395
JeffCgames,392
FelinChat,390
Tlaltecuhtli,389
TSUKASA777,389
Brocotator,388
Julienaba,385
Gamer2017,384
alireza1377,382
junnie5,381
JayAttticus,380
KwADwO,380
J34n,379
sabba88,379
cncn,375
TheGameFighter,374
Gamblecat,374
edwardytlomso,373
stupka,373
hot  dog,370
roller35,369
Quoridor AI,369
King D,369
Sulander,366
lazoil,364
Thaiago Talker,364
CrazyKS,364
Yevgueni,363
guest_,360
WOE567,360
kikikannri77,359
Qukumatz,358
mjkh,357
popcorn5009,356
jjoorrggee,355
Ogdan,354
QuoridorMachine,353
Naxx,351
pueru,351
Frost_0,351
the  shadow,351
relax23477,350
dontworrybecrazy,349
bobv,349
tami361,349
sai27182,346
Tristri,345
CaoCao70,345
fish100kg,344
Osty007,343
ueueue21,342
inoppie,342
sidhcihwdcbwudbcuwi,341
tsuyotsuyo_salmon,341
RWPQY,340
Izzie0808,340
Number-Four,339
47fy,339
surek4,337
anbyk,336
NicoBart,335
JUAN703,334
orde,331
_Hikari,330
Disom,329
georgebernard,327
Sniping,326
snafuforyou,326
sfree,325
sungtko,322
kirstibear,320
okano66,320
dd da,317
docglitch,316
newnicos32,316
du_chilly,316
AudioRyan,316
kamaboardgames,315
Sitka,315
Lesha,313
Acejinro,313
PsyCat0O0,310
eminkingpro,308
coronajo,307
Vladapaca,307
laurent108,306
bigbenben,305
vikingen76,305
laurent1081,304
ZerGreenOne,304
for mation inven tor,303
stathis88,303
Stego-saurus,301
lilom,301
tommy0517,301
izziedapri07,300
LunacyN,300
mrboosto,300
Anas_chess,299
chaseleft,299
Kostohryz,297
xene12e,296
zachbrenner,296
Yakoala,296
ludacrist,293
suki727,292
ruan02,292
DirkDeBelg,291
a2a2a2a2a2a2a2a2a2,290
yaogaoyu,289
shipooo,289
floky11,288
abstraktum,287
D M K,287
Frasco,287
Peace_Maruro,287
Micke,286
natto66,286
MatDave,285
boardchain,285
YaiHar,285
Bazzo7,284
Ostrogsky,284
Persona Shadow,283
igor2013,282
JoNo_21,281
AshDI,281
sergiozzz,280
kerueilin9,280
Glovir,280
hedgehogWEN,280
Purkrabi,279
Schmlfrd,279
Manrike,279
Jeanick2020,278
Foldymir,278
moriteza,277
shevchenko3,275
Omegaplex,275
guilpo,275
PePo PePo,275
IRB Stagiaire Quinoa,275
Maggy000,274
Gramgroum,274
paola2021,272
Alex50_4,272
poseidon,271
Victorx,271
kukkiii,270
momokmomo,270
benroul,268
na_na_me_,268
Afk568,266
cptCLAWWW,265
supercow83,263
pocadamu,262
stepreckoner,262
apiary,260
CapitaineRatatouille,260
salmanraza,258
HmmJustABox,258
mog24,258
koppepyan,257
happiness1106,257
Sunny_practice,255
TenaciousRacoon,255
Tricard,254
ProfZak,254
Roleybob,253
Desperis,253
murasawa,253
CeDestiny,251
roky8888,248
Flatoot,247
TTUBE,246
Steve050261,246
doublepachinko,246
Freches_Feechen_XX,246
amitabha3,245
franpi,245
Mamika46,245
Thekaille,244
aki1216,244
sascas86,243
Hottenzottel,243
Tim O Rasso,242
selinberries,242
yanithras,242
amaoboss,241
P228,241
history21,240
BobGoo,239
alfelterrible,238
fashouri,238
Synergy1107,237
XYTOSIS,237
pourya_87,237
Csacsa2,237
caseclosed,237
teobellu,237
andreicho,236
Lord Hipster Esquire,235
amasika,235
Astrite,234
tora-ryu,234
minidorachan,233
momomo0105,232
GameCaptain,232
NU0,231
NineteethHero,231
mheemhee,230
junsu-brainx,230
pedro_bala_,229
Chemac,228
NyaX_,228
BobBob,228
Erik Magnus,227
DiscWog,227
Ichiyaha,226
mhhh,226
Salmonberry326,226
Mr B7,225
vanilla_rom,225
Jamiel,224
funic,224
DoctorP,223
Bietto3,223
naokikukeko,222
Darth Mark,222
ipsum,221
Cicca,221
Lemf,221
TumbleSteak,221
Eric 2 Shoes,221
Tat286,220
Task_Ichinose,220
Ethan terenzi,219
zodiac123,219
butterfly741,219
elligain,218
damy2020,217
zanpanda,216
Alone1337,216
ray34ray89,216
zxc9713101,216
T-ratm,214
7733aaaaa,214
CHICAGO23,214
InerrantEmir,214
neuneu,212
hiroshisan,212
waterest,212
honemaru,212
Krepax,212
Domini0n,212
Masterk007,212
Pivson,211
tigrou,211
Ktema,211
adrien2508,210
ZorroNya,209
grkon,209
kmuamkaio,209
yossi218,209
namatama5,209
Kenotaf Vsem ATAS,208
urupos,208
rebu,208
RémiSaidov,207
Valandi87,207
saiwei,206
LuapRGB,206
ShunyaMutsuda,206
chovrinho09,205
Philo3377,205
lapierrefolle,205
dahmein8,205
lazuzizou,205
kongkingluk,204
SacredPoppy,204
scrabblescrabble,204
soujirokid,204
Urgan_Nortaldo,203
doyouknowsoranbushi,203
Beastmaster7,203
bencoco,203
disnoca,203
Daebong,203
Jay Rao,203
Hemeroc84,203
brianoc15,202
Scrapzero,202
kreki25,202
kaixza,201
valerio79,201
wr311492,201
glimmerman,201
Babumojo,201
i2005no1,201
tjrqls,201
oshamashama,200
miked1991,200
Perdo,200
manabu488,199
ElbowBacon,199
Tonbo,199
pataxa,199
Joe Camp,199
KRocsl_,198
g0datuga,198
ghtqql,198
ijayama,198
selenev,198
Niklas2606,197
Emy2B,197
goouu,197
DeCante BGTT,196
taroimo0225,196
tolyan,196
rituha,196
dedede_daiou,195
JDragon1,195
nimo588,195
Qiqi2k7,195
8nima5,195
Win Lose or Draw,194
Salt_Rippi,194
Lord_Dcx,194
y3rup4,194
Un_Barbu,193
jellyfissh,193
miinky,193
megucoco,192
ben_michao,192
Janmanu,192
fd242,192
Asgar Arn,192
ErE,191
AnnaElis,191
waternnelon,191
GraysonEEE,190
mop5,190
Alouette78,190
ekkyu,190
tskky_0816,189
courage0528,189
hirako0318,189
ZebraBee,189
kerf3141,189
Ser20,189
SirYeti,189
Tanahi555,188
vagi,188
steven1985321,188
Antoine97410,188
yubyubsxiao,188
McBischop,187
thinking33,187
FUVOZ,187
ROLAsama,186
VVinter,186
CRIESTOF,186
sandman609,185
kingjeha,185
senglar,185
anguswu037,185
HILL1971,184
aounaoki,184
Guercio,184
qten,184
Oganesson,184
RoBaKu,184
ntfuko,183
aboliaf,183
cocobol,182
DarkPlasmaBall,182
FLEX94,181
janes85,181
sato2218yuri,181
wu487,180
SuperKaemin,180
MangoTownTravis,180
manymore,179
ehsanie,179
kead11,178
Rundall,178
roumoden,178
chl41028,178
Micka01300,177
bubke,177
Fun-en-Bulle,177
Schmidt the Petty,177
OmniAgbor,177
suiny4n,177
virochi,177
Steph92140,176
Clémounete,176
GlaFight,176
tanukiiiiiiiiiii,176
rorikk,176
Bencsiga,175
qin qi shu hua,175
cc404,175
bruncvik,175
devonlw,175
udonnya,175
GammaABA,174
hekiller,174
Milutin Ajs,174
Eithereven,174
DrZalaM,174
chicagohotdog,174
23-Chewbacca,173
YANAGINO,173
petercom,173
Marwan_88,173
kuuj9797,173
Metimi,173
yukeee0909,172
thiagorova,172
Barbar1265,172
matt124,172
umop_apisdn,172
gonthelessgg,172
kingPhix,171
Elli_Kir,171
CHA12,171
Tsipa9999,171
HapiMaca,171
Di gua la,170
Zugzwaaaang,170
saeyoring,170
FSimao,170
Pegasus666,170
4ever1412,169
you_smyle,169
peon12,169
GU2,169
JéNasal,168
sugar0531,168
kakerlatz,168
yatuu,168
GrantD13,168
KaiTam,168
Bachurv,167
chlrbtjs,167
Genchan_DA,167
homura_moko,166
Darude39,166
todaytesla,166
shmiddy14,166
gon,166
mizel chan-suko,166
AzoG9,166
iiipppiii,165
Mollynator,165
Zombicides,165
saro_,165
Pechitoz,165
Tashina,165
Firestartut,165
77Na,165
GoldenDragon7,165
SirSquinty928,164
Reperto,164
Steven D,164
Repap,164
mongmong222,163
JMGriffy,163
Mmug,162
Behappyjose,162
SergBeaver,162
Terence Lee NT,162
C-ceepee,162
The Black Douglas,162
QueensParkRangers,161
natsu999,161
IniLeonZ,161
LuckyYou,161
jogivb,161
kaiza-,160
ARM11,160
irbis1992,160
BigLeBaerki,160
cdps,160
mostafa,160
HolyMaster,160
Q7010,160
henz00,160
AR_BGG,160
JeSuisCassonade,159
yyyyyonatan,159
Itz Donkerz,159
Overlord_884,159
nekomitai,159
marusingfire,159
xuwei,159
Wettkanzler,159
sunpigqoo,159
TohaDev,159
mathyeu,159
byrn7829,158
AmalAlB,158
squadepe,158
marti44000,158
Taras1705,158
Flash1976,158
CuteWan,158
lvlc,158
headkace,158
xumi92,158
pitch1012,158
Just_pelmeshek,158
fabien90000,158
RuTai245,158
DarkArund,158
koolgreg,157
Mizso,157
tichool4,157
VirtualAlex,157
leidensgenosse,157
overmind024,157
Speedster365,157
kalmiqa,157
YOURMOMMY,157
Mambo1102,156
rigveda,156
Kidon,156
linabombina,156
kohhhgame,156
chichariton14,156
oliver1189,156
Arthaz24,156
lmld,156
benibou,156
JJDipper,156
jellologin,155
scottsitar,155
MarietjeGU,155
MaceMindu,155
ABC723,155
rollmaster,155
geof1603,155
fenelenedingdong,155
sirokurotukezou,155
Lucas Malor,155
calimera39,154
treewyn,154
Horscompet,154
Pastey23,154
Hal Emmerich,154
amamakirin,153
gogoseigo,153
kevinsport,153
MiMadre,153
FyshX,153
Fryese,152
Papax007,152
Draftosaurus,152
Mohsennnnn,152
vurtan,152
u3_gi3,152
ikuml36,152
toshiro3,152
Madli,152
Agave,152
Sky34,152
Faabrikan,152
BobDuncan,152
masappe,152
karatya2,151
JMAAG,151
bububuP,151
acpu,151
AAAargon,151
Vrakfall,151
Jeannouuuuu,151
MemphisK,151
shomalon,151
QHov,151
Eroaneo,150
KrisInTexas,150
PlzDontcry,150
Yunharin,150
Izumon1227,150
Pushking,150
playerkan,150
melissa0x,150
matarrrrrrrro,150
tadenan,150
lucacerrato,149
TT3,149
ivkua,149
RaGeeee,149
sasakikoutarou,149
LazyGoood,149
nikkolasg,149
agric,149
sicolity,148
mehrdad532,148
gkdlem dhs qntnl,148
101se-ya101,148
Apas22,148
Oceandweller,148
sazanga_9,148
B-Art,148
Mokusei,148
yujumaru,147
jack051093,147
TAROTARO101,147
PolDeBelg,147
Aurelio Hoepf,147
flowerflake,147
Mabusian,147
hamstaz,147
scoyard,147
ChronoR,146
saiki_DD,146
musume,146
riiku_aaa,146
thoriumrobot,146
Ana97,146
Chemp,146
Dimitri Lotti,146
yoshimi333,146
lavagauva,146
kuwana0119,146
juyoung is under me,146
MayorMcFunners,146
kiruru002,146
Saeedeh1365,146
Brettina,146
halmiwhatda,145
Bami316,145
yu_neria,145
Mewtologia,145
ball77111,144
cole71,144
felyx,144
sia,144
makkan0920,144
Imanity183138,144
ACM2022,144
kirisame24,143
Moowstache,143
Manu das Kanu,143
derebus13,143
Rampox,143
kotenok228,143
Geeno,143
archieg2,143
Hagardunor74,143
kikiyo,142
FraIox,142
Entropicbilles,142
sake sake,142
ZD_xiaoyi,142
anneLaur,142
Hosein72,142
OH6561,142
threewoodson,142
LoveInCMaj,142
RedPpanda,142
Moralex,141
Ason_tkcw,141
Silentpower357,141
coggiri,141
Lojzo,141
ena36,141
cctsai,141
badababouma1,141
krikke03,141
Skroene,141
T1 Faker,140
Messinumberone,140
enlcy,140
sumsumsumchan,140
rere12,139
MangSweat,139
wafa9797,139
momomomomomori,139
Canno,139
JBaptista89,139
kjw0011,139
libmos,139
rium8123,139
biba01,139
GGan,139
karyokuya,138
Kebab 4ever,138
Daichi Sugiyama,138
uwasa3,138
ToineToineToine,138
Paul_W2BT,138
Head cramp,138
Nextem,138
jashugan33,138
BigBadAl,138
Krrish12345,138
musyoku40,138
pols46,138
wsjyy,137
newelleryu,137
michaelchan,137
B0RGY,137
diamant 76,137
treodred,137
Joe Hotson,137
HeyCzar,137
Tocard29,137
skyyker,137
sunyouhuan,137
mqcaloni,136
colorcreator,136
WW MAN,136
zillausst,136
fedeniv,136
Kim1010,136
4pngn,136
byevadream,136
Bayonne,136
luc1dsdfsfsfdsfd,136
Slmig,135
kasukasu777,135
vosbu006,135
Sajjadmzf,135
nFlamel,135
ImDanMi,135
nekopuunch,135
shinoashinoa,135
Le_O,135
wanwanman,135
Nastolkagram,135
applepoifull,135
Momo24,135
_MRB_,135
ChoBOBO0213,135
ANDYLO,135
mandara33,135
nafreyu,134
rkalypso,134
jonnydanger83,134
JP_85,134
ebrechet504,134
adrienhv,134
tollang,134
yoshikodesu,133
TheBracket,133
matujun27,133
Nullpunch,133
Fvar,133
Baurpower,133
colleonardo,133
Felskius,133
stephdereims,133
baba le tarba,133
TomtomMVP,132
umemuR,132
AkiShibata,132
wntrly,132
as0936402683,132
niikosa,132
stupidyeongno,131
Koriander85,131
maxivignou,131
pokso,131
pnh5024,131
ushikoko,131
yen1800,131
S_E_N,131
kennyji,131
Xavi00,131
Regre07,130
Rp3,130
Mary0425,130
FatimaHojeij,130
Leplayerjuju,130
kyarutyann,130
uiriw,130
Chanchus,130
tatsro,130
kosokutenchan,130
bloodybootlace,130
kiui1002,130
Josemauriz,130
Lello_79,130
mkndayo,129
730n4rd0,129
kirameki_green,129
sotallytober,129
muhasa,129
Vuelbujar,129
tomotsun,129
Algol60,129
BJBuch,129
Ninene,129
ponponz,129
Arda Baglar,129
sibadogg,129
sirhctterreks,128
luciddreamer,128
TermiGator,128
purittsuzz,128
1GmA1,128
Heichan_R,128
rhogar20,128
duchampien,128
hikagami_s,128
taka__kunn,128
Zhou_Ian,128
KianFuria07,128
zenbuzakura,128
Manto07,128
miro petarda,128
loquax,128
ithilion,128
SparksEdi,127
APp1e3,127
sallypcy,127
kairu26,127
doesnotlikedogs,127
Milord Panettaria,127
Dongkwang,126
Sn4ke,126
hideavis,126
Takaluck,126
Kerem34,126
Nasgorian,126
Jairosr14,126
rossili2712,126
yuvyjelly,126
Lore_cs,126
winda0000,126
AnimalSJG,126
Desann,126
Gael4815,126
VivHurt,126
deu_n,126
00JiHwan,126
Hamo2130,125
satans donkey,125
CeartGoLeor,125
iFrtz,125
tsujiyuho,125
MartyMcFly12,125
highway25,125
hidekingsouking,125
Theanto974,125
kimjunsung04,125
Lybner,125
blackjelly,125
jakedsloth,125
Obelur,124
kakakarl,124
bear owner,124
yunomijawan,124
Chil Remi,124
KK014,124
noucha,124
Subkari,124
eneeldra,124
tomato256,124
dave_w,124
antihex,124
BELIALBOT,124
7sen,124
johnnydirections133,124
Yuu Neko,123
taka5056,123
RICO90,123
OscarZulu,123
puram1104,123
takanori016,123
mansdlayote,123
tanuki_gbf,123
davincishogi,123
B_Helga,123
aaa111222333,123
Sina_Osis,123
Luigi Bandit,123
Rosti7,123
niki8787,123
GtrackGman,123
nikkihonchell,123
eanmu,123
yossan0388,122
williamenstrom,122
Vattyn,122
NowahT,122
hayakawahiroto,122
PhilDeFer98,122
Berosta,122
kedama012,122
Ramonalero,122
Ryua0504,122
Timon of Athens,122
midoritya3,122
Turbo Master,122
hato0823,122
awned,122
pari_0929,122
SST_pinochip,122
summer82,122
konkon23,122
GazLogan,122
Tyrell123,122
Nwolfe35,122
Quoridor Student,122
Nrym,121
XnarcissuX,121
BunnyPeaShooter,121
misty3250,121
owl4420,121
Jonathank5,121
swordk,121
Akaringo-go-,121
YavviA,121
S H E R L,121
a0926326793,121
sakasansan,121
super_mouton,121
KamilGwozdz,120
natymoorea,120
Mc_Username,120
n1k0la,120
taisei_cyber,120
failtech,120
tchouppii,120
manjuxbun15,120
GalaDesire,119
shino_poetry,119
DefinitelyNotAnEwok,119
nan yaga aniya,119
pontin,119
AA01blue,119
Carlox1256,119
Headgear,119
SnyggFrissa,119
Kenseiden76,119
galva09,119
Ljuda991,119
kinithin,119
margaux_1310,119
C-H,119
goodween,119
BattoSai12,119
Plant_sun,119
dnwndhkd,119
je mappelle sasuke,119
momiji1211,119
l am me,118
AKAIROoo,118
hormen,118
HARUKA0219,118
CarrickB,118
JAMIR27,118
unnerve bangiras,118
soaptrail,118
shdbwls,118
Lilibellule81,118
muscular20,118
Tehanu,118
Bobby2_0,118
charlottefiona,118
butcha69,118
Ablagestapel,118
shinji1219,118
samwinnets,117
Riverbed,117
cianure,117
Kokekamo,117
Danasd3113,117
benc2023,117
Actmanel,117
totoneko_,117
Yomichi_432,117
Abraman6,117
koshaky,117
kyosuuzahyou,117
CTCTCTCTCT,117
OlegKargo,117
theus8877,117
IEMATH,117
cnlinfeng,117
kaus73tyumu,117
table de chevet,116
Vizibl3,116
Epic_Grain,116
Isabel_mr2021,116
bluebeam,116
zestypanda,116
ryu179,116
nathanailg,116
nimoac,116
SINDERERANOMIGIASI,116
osamaster,116
DinuOMG,116
re_non,116
ainhoa,116
kingjunw,116
Nasuvi0915,116
acetaminofen,116
AMATH,115
jtappo,115
Yeaheum,115
iki iki,115
RareWarden,115
Zalius,115
aihg02,115
komacchin,115
boogier,115
hasukeru,115
potatoemilywaffles,115
nedyaj,114
Pieterh1,114
Gege28,114
MichaelJackson,114
majdi7,114
hidekun,114
playyyying,114
hjmce,114
aoiro22,114
sathko,114
RaphRocket,114
OwiSoul,114
kamoshika27,114
naponapo15,114
shoryukensaurio,114
Quoricarsi,114
sksmsrlawnfl,114
Hiroshi15,114
QuinnSmith,114
puripuri917,114
Alex_Levit,114
libenoir,114
allanon2001,114
faniatje,114
kato yuma18,114
yuya_mi,114
Guzurugua,114
Izland,114
gozillaa,114
nnmr,114
Jessallen91,113
Chiara04,113
mohsenahoo,113
Micaelo,113
shinRevengineer,113
rolle,113
Pépito Y Perd,113
Junjuwa-,113
Westerdal,113
Elinara,113
foreshadow_,113
Azatka,113
1610bursabalikesir,113
ModyX9,112
Pajti Gamer,112
pinguini,112
Chocco89,112
blue_stripe,112
ninjanoir,112
jungikim,112
ruru7,112
mau4ka,112
Baba Ganoosh,112
toriiiiiii,112
Woodpecker_1153,112
Rondrock,112
what thefd,112
kirito2576,112
touki charlie0111,112
rinchan999,112
xionga,112
omochi_0625,112
strear,112
Magaro1,111
Sajad-,111
Foehn_Alicentu,111
Traeyoung2,111
jeonyulme,111
AmirParizi,111
AlexMinduim,111
miyo345,111
NameATheNâ,111
Gloginja99,111
A Finius,111
luna007007,111
Ayala24,111
Giac52,111
GaliRo,111
TmoguD,111
ksy681,111
UkazZeJsiCigan,111
Bayrakli Isabet,111
kimkimkio,111
WindInJug,111
sagawaexpress,111
Autre 2,110
cathagabriel27,110
SirPukealot,110
barbubarbu,110
Kuoleum,110
chipoune5,110
Jeessica,110
cristian grindcore,110
puukulu,110
carraman,110
Cardinalblue,110
walaamuk,110
Qlas,110
ABD_ayyan,110
Pomy_,110
JokerGhost,110
frankenhooter,110
Crystal Palace,109
Asrui,109
karmir arev,109
Ali87645,109
MegamanZero0,109
Raito kira,109
mixriver,109
kazuki9646,109
katou0miminowarai,109
CatFrog65,109
jaype87,109
cataphe,109
ChewOnIt,109
BROUKk,109
VELIXANDER,109
YJcompany,109
linkcube,109
redman77,109
poleksin,109
SaSainteté,108
takachan_biszuya,108
Kanav_731,108
Xeonos,108
daaaaaaapi,108
DarkDexter,108
OM simon,108
ji_ci,108
kit in kit,108
tactagta,108
Agubilux,108
frau_bluecher,108
MiKan_1,108
PrincipeMoi23,108
eskeeeeeeen,108
trtr78,108
gamersonline,108
ymt1210,108
mirr14,108
Galifery,107
Hare Jordan,107
Lalipapi,107
miahlea,107
Setuvi,107
u-sa,107
mmk1111,107
Wolf_0428,107
LanMoe,107
sdfghjk12345678,107
King Harald,107
HeyJoeAlvarez,107
TiRekSz,107
SolidYellowBrick,107
keenest,107
AdamBit,107
pen2020,107
morphles,107
youri1106,107
step4730,106
waku_waku,106
komboss,106
Fedellow,106
mikaol26,106
KUA273,106
DaniSamKerr,106
Law147,106
hogekichi,106
kochanman516,106
thadod,106
eliottB7,106
Dustter665,106
Shaxdox,106
Yeondu88,106
amethyst18,106
chimaruko,106
SleepingTurtle,106
JohnyHK,106
syagana,106
Karthikkatty,106
Storyweaver,106
Herian,106
TheBengalTiger,106
brendan12345,106
kazu-dayo,105
lllprzlll,105
sujong lee,105
DufferDen,105
KeitoKubo,105
per gioco,105
Zazie0929,105
changsoo,105
Majorlo17,105
Arkalyk,105
sofynet76,105
Emily Lau,105
Odin88,105
PanchoMontes,105
Ian ta,105
Ik_Ri,105
Miriaml,105
Akito Yukimura,105
Lock2211,105
henry1010,105
parovozyoyo,105
Scone_man,105
tinpo777,104
Dinidini,104
Narf,104
Affogato101,104
Frutti di Bosco,104
ybsn,104
PolinaOwner,104
Ahmeterdem12,104
skullkid963,104
Gabriel0131,104
tjdtjd1234,104
gomarsjt,104
sergei1202,104
ryota33,103
Raphael3534146,103
JavierMirandaV,103
bbbben,103
Chokochispas,103
clementboomin,103
Dark_Ang,103
Ayumu1217,103
MoNo-1111,103
bakuo56,103
kuroba12,103
NELICO,103
MilanK,103
anminDX,102
boardgamegeek42,102
dede7,102
blublusky,102
misokonbu,102
sojakdbk,102
samir-lousif,102
Davegrogl,102
dssdd2321,102
kammy1980,102
SoFloLeil,102
Qtosi,102
Tam-Uh,102
PouPou,102
masupo1,101
N100,101
oscar122631,101
TTUUTT,101
jellyfishorsomething,101
Wodka_Lemon,101
paulpritchard,101
Ethan76,101
panD00,101
Crazyart,101
YamaKaze9487,101
Robbè800A,101
Fulmine_Zen,101
Octopus Lviv,101
atw12345,101
PaperWing,100
mickey0609,100
wavano,100
il_Pich,100
puraisu,100
black222,100
BeautyKuo,100
Rant24,100
aresu782,100
Larisa-ch,100
Scorny,100
great_hue,100
mariorko,100
DismalOptimist,100
dartalouf,100
juliavieites8,100
Sir_Fred,100
Tehergepkocsi,100
mitzufuss,100
valiTheClimber,100
PeppinoGamer,100
VarunM03,100
mrdaghestani,100
MattunMottun,100
Laughter,100
Ptozzi,100
restaurant0706,100
HiltSmash,100
arinius,100
Dobrij13,100
bisyamonfudou,100
moyamoyashigeru,100
hkszmofo,100
uh_Galah,100
giustino98,100
Juan Uribe,100
suzucha_nanodesu,100
AcetyleneLamp,100
cramouz,100
Goritori,100
a_o_,100
hiroyuki007,100
Lycoriades,100
Duck-Vador,100
Lawton,100
tabinosoiri,100
nuka333,100
Billbobaggins,100
YesItsThomas,100
kmc46,100
mahi blah,100
sweetandsourrr,100
ericlage,100
Mangoooooooooooooo,100
rageur31,100
Miclosz,100
Alessio82,100
SecretJ1,100
Stepark,100
ren cha,100
PAralléllépipède,100
raphflip,100
GATERULER,100
jydfonce59,100
y-sasaki1129,100
ffffunt,100
HC9527,100
hamashooo,100
illyoz,100
intell25,100
MattiOdo,100
maxlvne,100
Eloase Perin,100
JaySherman_,100
agricolaa,100
aragostakottan,100
lamivan_101,100
Asgaarm,100
777takumi777,100
undeadslime,100
miyabe_2003,100
salomex,100
ilBude,100
Beurac44,100
Tomsonn,100
aiolosply,100
bunbury_,100
baron04,100
EarlofDukes,100
misamisao,100
Ramuh77,100
brianchan813,100
il_Professore,100
okomelove,100
terarisu,100
yamato0721,100
PineTail,100
yamanism,100
sanmacaaaaaaaaaaaaan,100
svca1234,100
kapi111,100
tksg,100
FunWithFlags,100
DemonRex,100
Lolwerin,100
7LoAr7,100
PsihoO,100
Mr_Dwight,100
LinXiu_,100
yas1989,100
tensoku10,100
JanosLagos,100
yyoonngg,100
AOIjjang,100
Fabsss10,100
yes001,100
Condar15,100
broosom,100
Sageera,100
jarova,100
SadLeukemia,100
Le ptit grillon,100
AmiraliWithAleph,100
pig36789,100
tsunami8x,100
SaintCop,100
oesni,100
MAMEONSU,100
tennga,100
yosshi847,100
BIGtakoyaki,100
Dogyeon,100
Bejito81,100
sehyeon6355,100
kamjayo,100
nyan2nyan2,100
lilleras,100
Mummy13,100
wojboy,100
iptime1,100
ssssshahdahd,100
mathsab,100
Vladimir Malov,100
SeFlu,100
Mamogame,100
vadym Horupashenko,100
kentusik,100
rezanofu,100
spegav,100
t0ro,100
much_west,100
Fanz74,100
Tlacuache de Fuego,100
TimboB123,100
Beysehir Isabet,100
william saurin,100
TheBadAsBarbi,100
yeonheewoo,100
oscar_alfredo,100
venyercsan,100
Okabyn,100
Shamil 221B,100
banannie12345,100
Kiriga_ya_,100
Kaaarim,100
renmaruuuuu,100
hossein beigy,100
Athle961,100
416h,100
sigusukisugitesinu,100
Sacha2019,100
shxieknejdkm,100
Niroler,100
LewisQ,100
Rama_1119,100
LucjuszD,100
Big Daddy Arf,100
Wonderchuck,100
Qalistro,100
Nenew,100
ppippipp,100
monpan39,100
Irinamoreno,100
X A V B G A,100
uzumakinaruto15,100
LucjuszD,100
Big Daddy Arf,100
Wonderchuck,100
Qalistro,100
Nenew,100
ppippipp,100
monpan39,100
Irinamoreno,100
X A V B G A,100
uzumakinaruto15,100
root1235,100
KoreaMoon,100
kimathce,100
krisbroch,100
AleGunz0099,100
Mie7,100
srabb,100
aysenurs,100
VladHistory,100
Y01Y,100
Oara,100
Scxilicxs,100
lili038,100
Oxpun,100
Ariovist2010,100
Murray-Darling,100
Nastoyka 777,100
kikesanchez7v7,100
Marshal GH,100
AiKo_Eli,100
123AOQW,100
Tanja H,100
beankong,100
Annabelle07800,100
pjScipio,100
TheNerdInTheRoom,100
MarsiAt,100
Kaizo22,100
Quartzplayer,100
ezonou595,100
emauritz,100
dylli,100
markosalaplaya,100
neverland,100
nike-,100
Abrilaxa,100
neal1986,100
benben2121,100
jacky78,100
yukiyuki19,100
KES02,100
ROHAN6,100
Ronan M,100
nandahee,100
dheny,100
bonny7777,100
tom_bradders,100
Yayboy,100
Dai6879,100
Vin C-17,100
Sarix87,100
bgari,100
Tutu46,100
jomarma,100
Raphatovich,100
Empereur,100
Eternal Library,100
Kira30600,100
sam3278,100
Francesco1989,100
Sharon F,100
TigCarson,100
yoshimaruha,100
Mr Squorrel,100
snooker147snooker,100
somethingisnotyes,100
ahmet kerem çetin,100
Bakaneko1,100
grogu11rachel,100
nounou2009,100
Xildas,100
Alf_616,100
powerbottom9,100
ediloes,100
rglezp,100
poloneige,100
mighty_xhour,100
rayahss,100
michelle90000,100
zukeri,100
kwy9595,100
kashidai2,100
Peyton McVay,100
tomogon,100
jojo3773,100
mzfk,100
matao27,100
Djangyo,100
dfhgdgh,100
iary08,100
fallforfall,100
amakimaki,100
RustySp00nz,100
sdong700,100
takku-ru,100
tarr0w,100
Mehmet Bera,100
ssaa11,100
orchard123,100
k_mizki,100
FRIEDsoboro,99
Giboy,99
Cidelacomte,99
tdhingra,99
Cross0u0,99
treasure07,98
mrtomatopotato,98
November-11,98
missiy,98
Amandeda,98
Elliot772,98
crabbypapi,98
Gogaplex,97
hakimE,97
Zonjo,97
Maori,97
hiropiro02,97
cadwnza2023,97
Kvedet,97
absinthe_,97
naka_command2,97
siaditwicak,96
love1206,96
Angelteddybear,96
denadarling,96
UKI0628,96
MURDaMURGs,96
Snowrider,96
Tus_JK,96
NikolayDonchev,96
Orlando019391,96
Miku_01,95
virruzza,95
tllzu,95
yasesugi,95
Amunel,95
galaxygirl12345,95
Guibinge,95
ABCarney,95
Mmmarie,95
4191909,95
thunder2019,95
Gagadote,95
toppo_rero,95
kabi__,95
Periphylla,95
Flavius le Noiseteux,95
Nyanchunista,94
typexa3,94
Serenello,94
NEET COUNSELOR HISA,94
jerrykanone,94
berker,94
8-2,94
redno8,94
Alishba Faheem,94
Sylar1603,94
masque2,94
ArtTherapy,94
huta5332,93
Regulus D Lovecraft,93
Arimika,93
Maxime_J,93
sirousagi46,93
Sianaa18,93
strzer0,93
mysxx,93
kumale,93
Deoux,93
Ninave,93
thewhoshu,93
saqibkhalid,93
SarajVaupunkt,93
bfc1,93
XFlyWorkman,92
808coolala,92
BGDHN,92
justplaynosay1,92
wactawski,92
nohyujinveryworm,92
men08,92
isabetkonya,92
kivakaveri,91
geolovino,91
Dacaldha,91
Scuuuuuuuuuumgaaang,91
Actualleah,91
nyabokut12121,91
JrPON,91
Pianoman2102,91
Molletta_19,91
12345hduh3dod,91
taakaasii,91
SeaBucs14,91
kuroko7246,90
tadano3,90
SumProjekt,90
tora0424,90
jack_pot,90
DakurG,90
makishima_senpai,90
kamilson94,90
Infossae,90
mangx2,90
hirasei,90
jolie-Rose,89
jsv444,89
noob la joc,89
xXRemiXx,89
da wa,89
IndraM,89
maucarvalho73,89
chiara148,89
readbug,89
Amarok3y3s,89
IamBenBen,89
h218,89
davsof,89
Rose mine,89
KMMK_Malte,89
MyKrisse,89
Azuryus,89
fox4foofighter,89
kshoe1994,88
Simpleman,88
bobpedroza,88
Mogi05051,88
kkee22,88
L3D0S,88
tsukimida,88
Emi12345678,88
MaxFioud,88
HakozakiS,88
Ankor-omochi,88
jun-on,88
kinsupon,88
Alinea5,88
ooshiba,88
katsu-n,88
gyangimari,88
mrbuttlockness,88
Vissoul,88
sun,88
danesherbs,88
janinei,88
Nimphelos123,88
mad wizard,88
genk23,88
TheRealPassword123,87
moonrice123,87
GonNovais,87
Expome,87
talkativechang,87
KabaD,87
iosu2843,87
BreadoftheWild,87
glaukee,87
Faafoolii,87
flopx9,87
toshirin_vividarmy,87
Niboratropo,87
gomadofutaro,87
meiterlink,87
Yoor,87
Sphifi,87
mk11234,87
crmvnt91,87
passego,87
SUNAcapsule,87
Karinochka,86
chanchung,86
reiangel,86
Doyep,86
harusame1,86
Shusei M,86
espartana,86
hamuhamuuuu,86
LynnRin,86
KelvinVoigt,86
on9dick,86
Arno_o,86
rozemarijntjevdh,86
adadc,86
TK1115,86
Haku011,86
victorg85,86
Geneion,86
Psico_pato,86
Mandine02,86
uran92,86
Elias66,86
teamnini,86
Tashtilia,86
WhiteSean,86
Takumi_zp16,85
rubrum,85
MoonPotage,85
AkihitoTakai,85
jphillipson,85
Aurora34,85
Wolkenherz,85
thepinktie,85
ohholymoley,85
miel0386,85
naonyaon,85
onyuuuuu,85
namekujikaeru,85
_thomas_claus_,85
single_Ditto,85
nelly ka dost,85
Foodforthesoul,85
aaaagzdtgds,85
Tackini,85
Sxntk,85
apgpgp,85
mutjaengi1,85
youjiman,84
squirrelmann,84
jacksonwhenry4,84
kastel_br,84
zengoooon,84
promerufon,84
qooteni,84
Amberstar7,84
Sicia,84
LegolasVertefeuille,83
Karabo,83
Ludy1982,83
Himorning,83
Benininnin,83
fougnat,83
Dova97,83
elielielielie,83
Booker1945,83
AkariY,83
asira222,83
Naaaaaiiiiil,83
lilifee123456789,83
jowy barriers,83
no pant alowed,83
Jeangg,83
mylordl,83
kimihiko310,83
gatoquesadillas,83
wightwo,83
hinachamaaaaaaa,83
DylanH77,83
Marthaklein,83
hokwon,83
nihongogaiina,83
NanNan39,83
Bragos85,83
Kaz-,83
Capricornfish,83
hiselippen,83
nefel46461,83
Seungjack,83
t peti23,83
AzilizB,83
maverick58,83
kaziki104,83
nobo1997,83
lucecst,83
03123,83
koubai43,83
Stanley Man,83
inch chen,83
titi 72,83
8las,83
sei1204,83
jj1515,83
skyskyhookah,83
AdarA_23,83
jimmyyu123,83
BrandonEllis,83
Chanin N,83
Sonjo,83
SKY_PIZZA,83
oscur03,83
Bazobou,83
The_Minty_Meeple,83
novel1,82
Escape2006,82
Psamin,82
GabiruFerraz,82
tkcheungab,82
Begindeal,82
yatt8ILL,82
Vizzhacker,82
chocomiton,82
MaggotTherapist,82
FaraoRivaldo,82
gonnzaburoo,82
ishichan12,82
tamatama10,82
matsushima023,82
vsmilenkov,82
EtienneBarbu,81
Howard_Lam,81
ryulano,81
nekkomofumofu,81
bawa g,80
oiiiiii,80
calvino1,80
akvern,80
leodw,80
andpa0922,80
eatnow3,80
chachukin,80
sahhheahhhxahhh,79
Chi2020,79
Sanbi3,79
VVilll,79
ten goodman,79
carmlingling,79
HARE-OTOKO,79
jiwoonggnoowij,79
mrmisnomer,79
asadolah,79
reburger,79
se x1,79
Zoorim,79
Albert132,79
hasu0106,79
Lunatee,79
ELMA0601,79
pierrotencn1,79
soxu0926,79
nba22,79
NonoBouch,79
Mi do Rick,79
tropicalisland,79
truth powers,79
renaaaaaaa__,79
ketobit,79
Knobelmann,79
Kuro_Amami,78
BIGheart,78
Zg1s,78
milena3110,77
sinpe_sam,77
Deisevfarias,77
chara_1025,77
leilomo123,77
BeatJo,77
kronkmatt,77
jcpe,77
TAHA_FRM,77
Brownmonkey,77
misterBF,76
UltimateLoser07,76
Chantjee,76
joyachu,76
kit-cat en boite,76
Tchouchou00,76
D4reck,76
zabouhgoat,76
ryopipipiii,76
ZAMAU,76
ylvahng,75
prakhar897,75
serefhanov,75
ntsul,75
karaage0912,75
Thorta,75
EkureaMiruku,75
Laberik,75
pincher3,75
sunflowerliz,75
endou1412,75
siiki_yupi,75
mishmrsh,75
Cukiplayer 2000,74
onionpizza,74
GoIndia,74
Graind,74
Berryz Jr,74
Students Juan Uribe,74
jollida,74
Jack Napier1,74
SnakeEyes1_1,74
Chiuruz,74
noriokun,74
nyagoyan,73
Ragoudvo,73
DJVanVleet,73
bazzang,73
takahashi25252525,73
axel1764,73
himawarishampoo,73
tomiichi_hs,72
JoeTurner,72
Sebabal,72
jayre13,72
Jurisco,72
RookieT,72
Jihoohoo,72
Riku0008,72
Ktownnn,71
tlqkfkk,71
ionization9235,71
lizzz112,71
gennyyyy,71
Sangai89,71
qlqz,71
ibukiibuki,70
guchiko_,70
nad_Sa,70
rfbn16,70
itachoko,70
Papski,70
molten3811,70
TroveStove,70
RusHouser,70
hahahaha88888888,70
NaiaFrPa,70
mitoooooo777,70
stapler239,70
waiwai000,70
rombuzz,70
NukeNoze23,70
BASIC777,70
stelian_stelistul,70
jackonill,70
Wysko,69
bokreon,69
molgo,69
Biosatva,69
doradora1011,69
Kingrekor,69
Melaia,69
Gus7opher,69
Statman90,68
majduse,68
kutasnik,68
Hiryu00,68
join0078,68
samueldu57tmtc,68
Shinya-48,68
kermitbey,68
Lyns j,68
GataPata,68
cuteroyal05051,68
whk1580,68
ordinary-warlock,68
serapishu,68
cyberauron,68
magokoro1997,68
tani yan,68
michel7008,67
TheLastHero,67
therightwaye,67
DanielleDarthp,67
katekirs96,67
Badpiver,67
Rob Good,67
Aslan-Tigre,67
SUPoPoN,67
Worlteo,67
Wollknäuel22,67
dasgus,67
Veronyk,67
anemonechanm,67
LightBlack,67
Msisss,67
royetadmor,67
SquashEngineer,67
Nunosa,67
Anywhere0396,67
Ziltoid01,67
GEJFRAJER,67
Belzebuth90,67
BoA_,67
Ice cream33,67
n4ru_3,66
JonathanDelgado,66
chenfh,66
kazutyan,66
SpaartaX,66
HoLock,66
ceborat,66
alex yu,66
Manu DM,66
inamu555,66
ssw0610,66
CapyMax,66
ke_ke,66
niby111,66
okayuokayu,66
zaihuri,66
dziwnahela,66
Torinikudaijin,66
ria0726,66
Burnermade,66
Karalea,66
pepepe25,66
KPhanos,66
hamipa,66
GALGATNAM,66
crackx,66
joaopedro1988,66
jy5898,65
Gosdakle,65
Tim Roth,65
Foreteller9,65
DovanGood,65
Lt_MH,65
Jbaex,65
Sorachi_,65
AnaJaz,65
McSchwifty,65
popcorn0,65
YjqWills,65
tayoriii,64
Cryo16,64
beginnerX,64
Aksaray68,64
gyapiiin,64
BatorHonfoglalo,64
Luck Osamoda,64
sjimed,64
3purple6pon,64
wataiiiii,64
Sneakqb,64
Calitochs,64
kasuyaro-,63
RKYY,63
owoneko,63
sugoi4,63
MOLDAU_a,63
funachanz,63
tristannnnn,63
chunhey,63
Aurelien Tran,63
quinzefevrier,63
Alkali_K,63
Nunyachi,63
imimimimimimimimi,63
miiru_xo24,63
justRH29,63
momo3412,63
IPHUN,63
Xela,63
Panndasama,63
traiangle,63
LJMONSTER,63
torays1026,63
nisidakko,63
jgdpwmpmgwmg,63
MIMEI2004,63
Bentsley,63
riin-eins,63
12misa18,63
otama_among,63
Equinox0522,63
Runaberry,63
koucha4949,63
patta patta patta,63
kibanndagohann,63
EmmaPN,63
Lacqtwo,63
Troop E,63
Run walk,63
4hey4hey,63
qtboo,63
aonori_6767,63
sakuraLove01,63
floorLeader,63
nyansounyan,62
annabelle_mt,62
MGMike,62
dogagok,62
BlackOwlSilver,62
jacknhisbox,62
ThatAndreasKid,62
kirukostar,62
ortlindo,62
coffeeeeeee,62
gimsang,62
perseperseperse,62
Ginto0444,62
bediakocabas,62
kobot,62
rustica,62
Lower_Monster,62
tunatunamayomayo,62
taka_19388,62
tatamaekanae,62
MaryStyles,62
ChromeAria,62
JejuCider,62
puremaro,62
manntT,62
angelim,62
Gerbera-sasa,62
Reipiyoyo,62
dgerg095,62
420 69,62
Hey_Say_jumpa,62
yururika,62
simetakokoko,62
Braltar,62
Fanny-Sue2,62
Bultrug2020,62
snowman 18,62
penerope25,62
rlaxofml,62
okaka-1003,61
JavierVidal,61
eleven0725,61
breadnpicklejuice,61
Jeff-Ouille,61
hamidabl,61
FFRif,61
Cooper77,61
Brrraindance,61
Marcotul,61
khnl0202,61
toki-4049,61
qwzx,61
geripeople,61
1800tobias,61
pikillopiperra,61
Ramanuj,61
yuppei,61
notorim,61
hoshico,61
lalalame,61
team06,61
saboteuse,61
slavespupil,60
carrmart204,60
shirou67,60
bunnypast,60
slavedubai,60
NicHedgehog,60
seleneconlae,60
don0819,60
wafel1,60
JoueurDePlage,60
BtTakabe,60
asupara000,60
in0chii,60
RLewis,60
koukishine,60
kazumacha23,60
Subara_1945,60
sakanadaisuki,60
maldworth,60
rabbit aru,60
Vikti,60
kokikoki121212,60
matsukatsu,60
Rionn0227,60
morione,60
Angenelo,60
TsunagiRoot,60
ooggaawwaa,60
Vix21,60
richynochild,60
gobarguil,60
S4brin4,60
fire07981,60
GabrielFraise,60
Crom59,60
derflatkw,60
JoseJuandez,60
rinsan,60
kuhanj,60
Artmando,60
g1asses,60
behoimi2012,60
tekyusan,60
Katudommmm,60
ulysse cg,60
wojciuPL,60
XandyFresh,60
Smakdad,60
ayariri,60
HMMM2,60
Perkleton,60
Z_TER,59
Deen L,59
mundo3,59
TheJB02,59
Shunsuke72915,59
alpha-pc,59
JoshSoLOUSY,59
DOGANBEY,59
devildevildevil,58
AryelAlves,58
hikaru_waka,58
KyoPelaa,58
Utsugi0001,58
hxsyitongtianxia,58
OsushiJP,58
SaneLoveLetter,58
siratamago13,58
nm666,58
zeekpast,58
Gogulius,58
marioveleri,58
narci25,58
Siconomik,58
Zz Insighter zZ,58
RyongDaLL,58
iimahd,58
LupusMartinus,58
jimshorts72,58
Martyno_,58
Lucus94,58
expfcwintergreen,58
nisai119,58
MiloMiloso,58
kappazushi0526,58
iuncle,58
AndreyutzaTha,58
rekafekaf,58
Asuyam,58
Mei Shuhua,58
YMCAw,58
bknutson,58
tamu2121,58
Skowh,58
Lycaone,58
nikuudon2124,58
The_Sandstorm,58
elvpstms0,58
ShacoTheDood,58
BigMichel,58
harukaaaaaaaaaaaa,58
k2helicopter,58
catmandograt,58
Laurent216,58
clupeidae,58
03rise,58
StrongTomachan,58
yutaboadgame,58
Mr TheLongWayRound,58
otankonasubi777,58
chikcy,58
Omchi,58
NotBarbour,58
Senarya,58
StarlightAnpanman,58
Adèle ROSE,58
nini042,58
akisamenta,58
gretahugoboj,58
nhlee2,58
zennmai,58
ptit frou,58
bese_xy6_9,58
krunchycthulu,58
m0m1sss,58
Shinta1414,58
carchen,58
fuyukibonnjiri,58
Hamilton25,58
qod970816,58
Laeone,58
PIROHIKO,58
BenMTL,58
soursghetti,58
rtdss,58
erosugitintin,58
Ananastase,58
psychom39,58
DarkNiar,58
sanshimas,58
OZQN,58
Maiko1525,58
Katie___,58
dchoiphotography,58
scarlet1128,58
samwell01,58
Highfrog,58
davidna,58
R1zza,58
aNk06,58
Konbu 3,58
sasa0123,58
YILDIRIM16,58
riad riad,58
Baymax8,58
Skerbey,58
JustineRoustine,58
Atolykos,58
mel88205,58
clear0921,58
John k m,58
SorFK,58
hikakiso,58
PIPIPU,58
giantbabbbby,58
Stekke94,58
nomerundesuyo,58
sanpo9,57
yahooohjag,57
SudarPirojok,57
I Naze,57
Flacksimus,57
kiraly asz,57
Lingry,57
saen1226,57
ponmero,57
kimchi311,57
dummyguys,57
kiba89,57
noripanman,57
moonlightx_03,57
MMtaisa,57
yukipar,57
tjwns11,57
Wiijii,57
kuroneco1204,57
El Profe David,57
fuyuyuyu,57
poipoi345,57
Lisssi,57
Ohrim96,57
daifuku1009,57
jeolmi__h,57
yosidasaori0510,57
marceloxx,57
WOOHYUNO,57
moja jaja,57
fiera6559,57
B0THanana,57
lilith1789,57
Ruta_,57
Skyfall_41,57
ponpon11119,57
Natsume11,57
makushun,57
kuma_farm,57
Anup Gupta,57
ochin_pokon,57
anaken,57
shembury,57
cg36John,57
scie51,57
ollien,57
spagalapof,57
nicksgirlfriend,57
Ranyannnnnn,57
kyukyoku,57
watalu,57
Gr84life,57
Granen74,57
Shail 91,57
IIIVIIIXII,57
cocony,57
kouta 811,57
Jazzz74,57
betungas,57
Kira0014,57
GGboy01,57
ilovejt,57
noum02,57
moririn1,57
boardgametester,57
Lrteg,57
JunJun_k,57
EonSeok,57
SolidSkarmory,57
fufutata,57
azm_146,57
Daeyong,57
Poison787,57
mikodon,57
pokky847474,57
Whitee,57
Doiley,57
ZeroGravity125,57
kaikai1108,57
mikeLen,57
Gonza115,57
ethanpxv,57
Amroelzeini,57
Peebee67,57
ycere,57
Wnsdl,57
splov99,57
Najabavara,57
PRiKPON,57
Reitennep,57
uirnu,57
MocT1795,57
Natalia84,57
caiyanb,57
tyaba88,57
blueberry1337,57
minono0831,57
Thosaphol,57
Ellie_My_love,57
matthew2002,57
nakato_101,57
fb_zawawa,57
vinsangria,57
Nicksam008,57
frdd92,57
Alennor,57
kashiwa1024,57
chanbu-,57
chybraltar,57
yadokari8052,57
uuuuuuuuuugi,57
HippieGirl,57
Tym_23,57
crudito56,57
lhj0123,57
old k,57
kamoimo,57
daarinda,57
8kuruto,57
Kurba12,57
pic0814,57
AndiDu,57
ccrain316,57
razxyz,57
Falpy,57
ponponbakudan,57
Wizflix,57
mitton2323,57
serah13,57
timmyllll,57
kouki0724,57
youngbissi,57
Dokushin3nen,57
yas095215,56
kaori0223,56
batou1008,56
caralouise,55
whisperaaa,55
slduclsqhwlRNfRJr,55
portalman21,55
raiden1107,54
CPR06,54
JGC,54
xplwrr,54
spioszek99,54
Zambalaya,53
KungGVasa,53
hupok,53
5656zzz,53
ByZoKe,52
qikst,52
LevelRaisin,52
zerodot,52
hedvihedvi,51
Skullduggery-_-,51
serifeaydede123456,51
antoinelr,50
CowboyJoe2000,50
seaguince,50
rickhochet,49
MidnightC,49
Andresumare,49
parkky0,49
wtakenokow,48
spec111,48
matchamachta,48
poppo7201,48
rcfresh,48
OneDe,48
Brloca,48
Bao Hu,48
zeltipocchi,48
SoZul,48
Dhkb16,48
BoluKukus,47
kon_38ke,47
harri78,47
kikitheevilgenius,47
r3_tr0n,47
pleken,47
seph1234,47
Westous,47
raumfisch,47
andy1969,47
Maxtam000,47
namicros,46
chenpi152,46
sjhhh7245,46
catcatcat26,46
NAMESUKEdePON,46
StarMax90,46
lupo_wolf,46
Dunggulle,46
LewisPatrick,46
tingding19,46
Doro dog,46
SEVENHOOK,46
LordPitufo,46
bevizzoltan,46
babyblue13,45
subdue,45
bisok001,45
Devfiant,45
SanOh_,45
SinThePig,45
ForPonies,45
classeSN,45
NoodleBerry,45
crong2,45
megazone,45
hyjty,44
nakahagu,44
depper0220,44
deafLe,44
Poison0729,44
dolmaur,44
qove,44
estemon,44
erozija,44
Speedster525,44
coconuts1203,44
uuyu,44
Ryuga0807,44
VolpeNero,44
gamboool,44
sjdkl,44
iewnish,44
yu-1_0316,43
archisandra,43
Inakazu,43
if zzang,43
Elerina,43
Edyardo,43
pago_gokou_koro,43
Semml,43
veetenorio,43
Mazyutusikazu,43
_Bernhard,43
ZUKIK0SAN,43
KeioGett,43
Eric05,43
boegre,43
serbog,43
0tooofu,43
Eva Koroleva,43
sushi-tabetai,43
Alban72,42
Medi27,42
JeffreyV98,42
Lebarbudesbois,42
kyoko-k,42
kurac123123,42
heidelbergde,42
sylvanesti,42
Smokymoker,42
FiRPoD,42
hmiyoun,42
GueiGuei12,42
liquidatorKOPM2,42
Jason_so_sorrowful,42
uda_12,42
Cayenne613,42
VicoChipsos,42
souzaimagic,42
Statas,42
watanuki66,42
18245988761824598876,42
Reipen,42
AlanSolano,42
FErry66,42
kaiyowai,42
ecceee,42
Saphir4,42
yuki2011,42
miyuki0606,41
--Gree--,41
komaxxx,41
Manolincci,41
YdaYta,41
chinchin_99,41
istrice78,41
YandereKat,41
Yves14,41
Scarletpotions,41
ossy-,41
Parcdox,41
jamevee,41
itomoti,41
É L O,41
Prince Caspian,41
agura4545,41
jacob08910,41
naaaaatu123,41
AnakinGridWalker,41
lc_tora,41
TopazeSkerrett,41
sepehrate,41
hhghjjjj,41
chen511,41
KDG04,41
Napoletano33,41
IWasF01,41
HumbleSolipsist,41
K1xodel,41
Val Hoshgar,41
Bizza23,41
Libell0718,41
Oxer,41
philiph13,41
Rockyto,41
Ek0,41
Eeragon,41
tmule,41
CampingRamen,41
Jaunator,41
sea5865,40
Vikcs,40
gekkyon,40
zorloff,40
RullyBiya,40
deuvelos,40
watashihaouka,40
whitetiger0210,40
cms111,40
3xnyuk,40
onyu78,40
maariiilutchenco,40
smnhmhmd,40
MOAI_NANDES,40
jaimeee_26,40
meimei0315,40
yokoma789,40
Axolotl_Fan,40
Taguch1,40
Moro322,40
QB123,40
Han Shot First,40
goodypos,40
Alu_30,40
Valeria_11,40
nijiharu,40
Floradorable,40
Milnar,40
embey67,40
onodera290,40
anicegamer12,40
DUNEL,40
Batikentelif,40
Dagnat,40
emilychxxry,40
SoyRoberto,40
gazjones20,40
Champimax,40
moggsu,40
peterpook,40
Tropher,40
asahikunn,39
A-FMAME,39
jim0113,39
mancyyu,39
intermesher,39
PtDuende,39
masyarastrt,39
100milhojas,39
6naps,39
yuki0731,39
Alvaro2801,39
Ryoiki,39
Abbie_96,39
MaksymovaPanterka,39
Dhanny,39
xinepeng,39
Mokhtar016,39
Balle69,39
tachimmyta,39
Al Horemzi,39
comody,39
Miskut,39
PayamNaseri,39
GLXY_MYSPHD,39
cinziaPozza,39
frodo baggypants,39
ricepud,39
mikechoco,39
UnMacked,39
tsukikage_10,39
anjuto4ka,39
Kankypoo92,39
Dormamamu,39
kihoshiro,39
unpiburiburi,39
vikica89,39
Thatoneidiot120,39
CapyBar,39
wildf0x,39
Tazzridder,39
momamoco,39
yu ududjdh,39
nishimuuuu-,38
Joeo28,38
hijodelbabia,38
Geje12,38
Zeppi,38
sun157,38
Gimmy Armor,38
mjr1370,38
toshi1234,38
1381adf1381,38
Leyung,38
Caliory_Forever,38
sms819,38
anatra eterna12,38
Aliemami,38
bssdpjt,38
jowal9219,38
bosendorfer280vc,38
JMiller83,38
genkgb0504,38
yoshikimori,38
Akheptah,38
yuki1213,38
hjjwslnznjn,38
-Rkait-,38
AtomZBTD,38
MrNO3,38
Blxir,38
SJopu,38
AidanJex101,38
princeBelze,38
lydiaaadsr,38
Balincito07,38
JAda11,38
Crypsiss,38
hiroya_,38
zCalu,38
BarbaraJP,38
Sunny Tortola,38
haruya99,38
BENSSDD,38
jejeinojei,38
dera0012223,38
tizetseslunettes,38
MalachiDG,38
annpann0125,38
lantingc,38
ARCA-F,37
DraconicMama,37
super kiting,37
tori777,37
Nawelnadir,37
tort56,37
WAKATO,37
meronpan1021,37
deen1997-105,37
zox0124,37
Lululuntik,37
ul-master,37
Junika,37
Y_Taek98,37
saradakun,37
Tanmay21,37
ozu_1729,37
am90301365,37
unkotintinBLACK,37
driee,37
workship,37
astrologinya,37
dun0w,37
MrPenguin71121,37
tsujiho321,37
kanego4545,37
t4naka,37
akamoji_muisiki,36
NerdyMaki,36
lswGaeJalHam,36
holidayrob,36
VINNNNBR,36
yyyoshiakiii,36
pinkmomo8,36
sofa12345,36
Kurtqw,36
Dusk7up,36
bobii40,36
jakeykakey,36
ytya,36
Yukihaku,36
karibly,36
naokun1,36
Lady-kitsune,36
asdfeorjdn,36
babforlife,36
horihara,36
Floflofrejus,36
yg5853,36
Vig89,36
Marmoudgaming,36
Didijoe,36
BonoboPaBo,36
keketcl1111,36
trooperbot,36
tenjiiin,36
Firetiger001,36
Ollie03,36
JeeMan,36
sijin_p,36
mope333,36
Ahlemina,36
Edo07,36
jaegoo03,36
nicknicknicknickU5,36
ajmacdonald1109,36
sergiulun,36
ÖZLÜCE KAMPÜSÜ,36
The Doctopus,36
tomasuke,36
sentman,36
pomme55,36
Zamashka,36
syokora2226,36
Liatanno,36
hina430,36
melissamoniot,36
seikinjunior,36
nzlscottbailey,36
nidhijagga,36
saigood,36
ElevN11,36
saesan,36
ant-unchiman,36
SpiritusFlash,36
Fishir,36
tatafufu,36
minatonton,36
AmroZeini,36
Boubouna1310,36
McBookerson,36
Kanadayoo,36
young24,36
tksTerminal,36
suika1213,36
kkinokikk,36
aimuta,36
davicleybr,36
ALiS_Q,36
chalt1er,36
karooo_thorstensen,36
dirdur,36
Zeynep000,36
321sm123,36
DaDaDahaoren,36
marimo0419,36
yaela8,36
rairai1027,36
thunakan,35
Anitalabonita,35
myupung,35
cyoro615,35
NoNameKid,35
mochi-,35
pukubana,35
kiyomizudera,35
eroyan,35
SANGRYUL,35
uduki_second,35
ONSENkun,35
8Angel,35
Lenkahejka,35
odiolosmonos98,35
galois3141,35
oredayo1226,35
Der grüne Spieler,35
d4cxy,35
Sarouche49,35
Soujee,35
maotantan,35
kvlchkm,35
hig0004,35
Bubzey961,35
ru--ta,35
YUKKURIARATAI,35
lman13,35
aromamk2,34
spipanderman,34
ivyi,34
naniess94,34
Stoopes,34
mbaum,34
mayoibito_1324,34
tjtpl,34
seddz2,34
amabier,34
suzumechan,34
kanchi3,34
damaji,34
washiwashisan,34
évajulien,34
Sylvanas FFF,34
uFluffheadu,34
Octo_tr,34
Kentis,34
eric2022,34
m_mcgiggles,34
tanbo306,34
ken-yama-14,34
LEOPARD J,34
kuzuyana,34
kuriheru,34
Eärendil278,34
wokakki,34
nreyz,34
Jerrylaw,34
RenaudT,34
Nukow,34
Takitus,34
Mick ASSE,34
same22,34
ShiplessSardaak,34
Fektov,34
zinnaka125,34
M4IM4I,34
DaunteO11,34
yaminabe2021,34
hansol22,34
sakurajosui,34
Vivish90,34
DrBubster,34
miyama0124,34
Winter100,34
takahara,34
hopter,34
HUITAILANG,34
AlexisB12,34
753_Ishigami,34
Mikan_is_Orange,34
tgedogm,34
nicuveo,34
gildigalad,34
V-saphir,34
Norman_chen,34
minibean2,34
sdysdra,34
Aslan_Silva,34
beckylecka,34
Spiros100bC,34
Gregburbidge,34
8Mary29,34
ZOEZOEZOEPON,34
KobayasiTinatsu,34
Usai Tokimoto,34
guttary,34
koki72,34
Popopaaaki,34
Atsuyaaaaaaaa,34
sumithsumith,34
EliBarrett11,34
qwq qwq qwq,34
Tomkarouf,34
jdrever1991,34
LilKav,34
Big Tim 1951,34
Southerngirly,34
chitantan,34
briqt,34
Piergiangiulio,34
bedachel24,34
KimJ0ngKill,34
MsMatty,34
beefcake7,34
sasayu17,34
Andresgerbaix,34
mellow-c,34
elna39,34
azalbezy,34
da09,34
Nebrises,34
IK___,34
pandifficult,34
AquaNL,34
ParaprosDovakiin,34
souta 0705,34
77521,34
HULK-ANIKA,34
SeaGreenNoodles,34
Furetmaster,34
cokovainc,34
Tonio51170,34
mikiko0530,34
chitorz,34
thazzard,34
JinWooJ,34
7 103,34
AKKIIcatP,34
SkunkofDoom,34
sarahlsl,34
kokinchana,34
oashisu_nise,34
Grinsekatze_xoxo,34
princessritzy,34
rinrin720,34
naachi_68,34
shelling-ryu,34
ka748ri,34
Simranpreet,34
mmebal,34
Léasawayer,34
Giselle19,34
Nayver11,34
yuua09,34
okota_san,34
Amber__77,34
mr winner55,34
n051296,34
haey7712,34
yoshimin333,34
SunnyDestiny,34
ccddc_c,34
yui hibiki,34
koya1029,34
tanso0819,34
SING KAZU,34
passarela23,34
marusynka,34
Nightcrawler5,34
sterosty 24,34
masa20000124,34
Tito-Thomas,34
DU1mol,34
awesomehuman,34
Fenna96,34
panaino000,34
DonCoil,34
37Owl,34
shimeji91,34
Yuya0324,34
Yajirushi0844,34
Toffeffee,34
tungtung12010,34
HJM001,34
pipiy,34
PixelKola,34
Scouty67,34
PIIGA,34
merino3_,34
Kai Yan Cayenne,34
kobakoba0907,34
akisamemk-2,34
Ammazza Orfani,34
wishicouldplay,34
herta2006,34
yuyun08,34
ochinpoorn,34
billy50202,34
john_question,34
20so,34
emsrom,34
Brissouille,34
embone,34
CplRedStar,34
Blitzkrieg_03,34
Heldingar,34
e mi,34
hirakulove,34
jpp46,34
bakedkatertots,34
FIam,34
yoshiboon,34
Carolyn Hinds,34
Primordial_Thoup,34
rkwkal1867,34
MagnetoStoleMyHouse,34
mapleyogurt,34
vaportonic,34
36monshi07,34
grezsabalazs,34
locinlkk,34
melisaa07,34
whyme14,33
amirali026,33
kitaneOkuzasiki,33
EC_No,33
ponnkotsunyannko,33
jamesboarders,33
geotknapp,33
wontdry,33
KikiGirl19,33
Atolily,33
Gaasbus,33
macaron3,33
dedinaberdediniyidir,33
jisanjisan,33
otokingyo,33
gdobbs111,33
simesime,33
JayLudZ,33
meepleinthekitchen,33
OxyJen8,33
Cakeda,33
namikiiiiii,33
77minutes,33
Whiteranka,33
Rukaaaaa_____,33
MESUGAKI1122,33
LXCAKID,33
kiri1700,33
harumatsum,33
shinzuka,33
abokado1214,33
ksrnro01,33
ksrnro02,33
Kevlar_of_Krypton,33
enesselimkan,33
Dort33l,33
redroad62,33
Vlad_Naumenya,33
Bokenas_jp,33
mogurizabi,33
buridondaikon,33
hahahha1111,33
123melissa321,33
Scent Can,33
myasshole,33
Yuriengg,33
hangzhe,33
yoshinoko,33
paradinight0303,33
ClementDupuis,33
Neakit,33
yomigaerisi,33
T_Clash,33
XRRUST,33
tea222222,33
hello-man,33
iris_15,33
inabakurenai,33
kelvin_kombinat,33
Harry0621,33
purpleclover,33
Sakananoko,33
CloudHn,33
meliuchs,33
mynameisjeffito,33
soug22,33
Vjack1219,33
JinChiChi8686,33
jiaxin9898,33
willun,33
SystemDo,33
Sw33tJames,33
NisanYagmurlari,33
jotiwari,33
Leoni d,33
FashionGem,33
dessertking_002,33
yuqn21,33
Sraaaaaaaaaai,33
flower12344,32
hashimof,32
nikki sapatos,32
Yusuke_5364,32
emi0107,32
adnaw,32
Issei K,32
arisa88,32
PiggY1681,32
karasubesu,32
aurahubris,32
Houso111,32
Vogue,32
Mao_ola,32
sdat,32
suffchi-,32
namitake,32
yoshi110105,32
m1stt,32
gyutanlemony,32
riki016,32
Yuuichi_O,32
gentil26,32
shotatatatata,32
zashii,32
unchino_gohan,32
xikxp1,32
shikanohige,32
patchan66,32
MARRAKESH master,32
ellana95,32
pon_desu,32
jeankenny,32
leafroad,32
Maru7185,32
ParulG08,32
nyanko8,32
Danielelelel,32
Wo21029,32
Felix_in_de_put,32
lx_mnt,32
cow head man,32
CoolBabyYoda,32
jjukun,32
choi5050,32
minaminn125,32
kase6,32
guppy-359,31
Pancake20,31
Pom2tair,31
makigai0922,31
riku_pooh,31
ridor,31
piroshiking,31
Rodgers33,31
horihara_5,31
bellajohn,31
42Ari24,31
ArianeKl5,31
lottatoredisumo,31
yui6052,31
Moonlight_Ulsra_Iris,31
takoyaki125,31
Pedro Fanti,31
codelyoko1,31
pokemate,31
starkarya,31
akane_567,31
grojaky,31
Joo_yo,31
Indianajoan,31
menmenmen1038,31
GeneralAmfz,31
Nati23,31
AurélyClafoutie,31
yipark,31
Calidris,31
yaylabayirli ismail,31
robelleg,31
DoriftoSan,31
arcka12,31
Paulabla,31
kkama1,31
gnatack,31
ytys,31
daisy_aiai,31
Shibbaaaa,31
haribo3245346,31
Boomy,31
DarthGrima,31
igozuki,31
yuka_Mof_takasi,31
Fi sh,31
sumayhoho,31
ShanIan,31
DeborahM77,31
nabiyuy,31
Laughing_Debry,31
elmoss,31
matchinatsu,31
yagi09,31
marcoal,31
Ledonial,31
Noviski,31
alex2764,31
qnae,31
Rin_Lily,31
Blazewolf,31
QQNaMei,31
maktraxer2002,31
Numuchi,31
Hollow_76,31
roxana868575,31
Fredthelegend,31
godpepper,31
yayaya_md,31
kana_159357,31
Chickenpiehill,31
22Berrry11,31
Sagritale,31
neg1,31
sak yahiko,31
K momen,31
YxuH,31
abinsharif,31
x1_desu,31
mikopoko,31
aira_owo,31
Mauro00794,31
ooika,31
tomoki_gozaru,31
xxxSFoxxx,31
patreckt,31
kuma1056,31
fhjcgbzdg,31
Camburglar,31
George_408,31
yana_ken,31
mango2can,31
hida1000,31
lparkereimer,31
yuIren,31
Shapa Satey,31
Turek111,31
sans1009,31
SDADF,31
Lomberer,31
Smilferodon,31
hyohyojin,31
BinDFW,31
atmark20,31
unknowdobadoba,31
QWQ 6,31
kamelion_,31
x1souki1x,31
Rd07,31
rocky611,31
viiiiiiiiiiiktr,31
genkgb1,30
faruk0,30
Bluewaffy,30
Diiamont,30
zunda333,30
npc133,30
FabM974,30
Ebihotate,30
Toyoake,30
yunniee,30
sagitta52,30
yurufuwa-,30
RichAD,30
Drangor,30
Dankean,30
Sebbix92,30
idegoid,30
Flofuego,30
seigenn,30
richp88,30
MahdiTabriziPour,30
MsTeddy,30
Ito11033,30
jokerjaen,30
-IvOvI-,30
Ohlalareggy,30
SanderZw,30
Twitch_Thae1,30
everbluee,30
btally,30
Serendipity777,30
ki no miki,30
Thierry67,30
QIAN YI XU,30
nkocide,30
elbrubru,30
_Trian_,30
uttyi,30
fafalan,30
jihanki18,30
lucholorenzo__,30
marcelius77,30
JIANG-DAHUANG,30
tchad,30
Eljearthgo,30
titi-togepi,30
adele_297,30
thejellyfishpi,30
benzenehat,30
ybnbba,30
inperfect,30
Goceldia,30
RR222,30
kame063,30
kinogo,30
pierrottin,30
bank is man,30
ginjayoro,30
NoahSalvatore,30
8ight808,30
law1771,30
mizunyu_,30
Dengekidaikon2,30
Nililiya,30
ELRANE_tama,30
Syucklim,30
kapibara3dayo,30
ChungusLover,30
kennybee26,30
KingLeafhill,30
law1771,30
mizunyu_,30
Dengekidaikon2,30
Nililiya,30
ELRANE_tama,30
Syucklim,30
kapibara3dayo,30
ChungusLover,30
kennybee26,30
KingLeafhill,30
TimB59000,30
therenaissancekid,30
Powerbit,30
sirozubonn,30
Creamson,30
haji8,30
tofudra2,30
wagahai_3,30
wwwyuuuu,30
atm7atm,30
55225BMW,30
Japyx,30
Leader joker,30
mynonnar,30
267Lv,30
faye2333,30
muckey mouse,30
ssy04,30
NA_KI,30
sizimin,30
ao_tea,30
shunkichiV6,30
Perido,30
Oji3_lucky,30
kulski,30
dragonrule029,30
rumocyan,30
a0977456156,30
Ryoootarooo,30
fon888,30
Petrumdq,30
Tonton Johnny,30
sk8rgamer,30
optimisticoctopodes,30
CptJohnOak2,30
Allbadotk,30
parabellum03,30
tek_san,30
NekoNeko_487,30
Road To Zero Damage,30
yamadamanman,30
RoiDesZebres,30
Arnoia,30
rejio,30
DB_0010,30
ryryry0000,30
alukoduck,30
Martyflex,30
michacho,30
YanBlouin,30
agisa_nea,30
omochi922,30
spek1212,30
YoriAsu,30
Mimizu_worm,30
otukemono,30
Ren731,30
LeaureS,30
junkikiki,30
MaRK2357,30
Aquaberryfish,30
white0720,30
LeShawna,30
CovenQueen,30
sloppywoppy,30
nicaiwojiaosha122,30
okosa,30
Hibiya2072,30
sabiiiiiiiiiii,30
Beatriz0989,30
GiorgosKoll,30
K Kotaro,30
BBKR,30
MoriNo HayaTo,30
kumayama89492222,30
kingson0330,30
RinRin1,30
ha-rexi,30
r109574,30
wmcaeddy,30
gfdsc2008,30
Kripsas,30
Arvinomalo,30
albamgt,30
Sora4Keyblade,30
absolute-rei,30
suuuujiii,30
pokopokochinchi,30
Fessy22,30
thehellchapter,30
Geofox,30
iHellioti,30
eddegraaf,30
wanta24,30
coedee,30
Lolouiz,30
grc14,30
xeveli,30
mikuel101,30
WosPoony,30
reito0110,30
Golfingcats,30
tomatiki,30
Miss Vanilla,30
Big Z RF,30
mirage4397,30
HIKAKIN official,30
halstar,30
Crocdawn,30
Oldfields,30
ledzep4rock,30
tmartin13,30
shiratori mei,30
FUJITAa,30
Tonkatsu-King,30
PK Tang,30
012gBB,30
TeacherMcTeacherFace,30
KillahWalrus,30
aishuAsh,30
kawakueru,30
fredc,30
ru-natypeA,30
snowpomnupam,30
pe-pe-,30
HGeon,30
mako_yayo,30
Qaker,30
Dezzzek,30
HimHim,30
Budnads,30
DocHolidae,30
nimu10,30
nofoxnolife,30
chocomintoon,30
jeryrjeyr,30
purpleclaw5,30
Suikamanju,30
gyuny,30
asteriasuigetsu,30
qwertycxzv,30
GazzilMagnifico,30
AvasavA,30
vanadium27,30
LiKiDeN,30
TTT3247,30
World Tatesawa,30
VictorRdz13,30
Wara3322,30
ganzijjang,30
cocomother,30
Long710,30
zqvvei,30
0 NiNi 0,30
bvanwest,30
jluken712,30
haclinica,30
ChapsAgrum,30
dorron,30
sharlasunshine,30
tanisi,30
ShimakiZ,30
Charles Mlr,30
huiyue420,30
tokunn,30
TUKIMITOU,30
Exany,30
brumedegivre,30
Linards888,30
graceyonce512,30
mikaru,30
poporapo,30
MercatorA,30
YUMA_vrc,30
Loupe13th,30
UnStellars,30
CoolMaarZwoel,30
PapaCroco,30
mikiviky,30
koppa3,30
KaniOn,30
kondesu,30
Ateoteo,30
Badik,30
Lau086,30
asumi0419,30
ashutarou,30
yujiko,30
CrazedV2,30
umisasori,30
licornasse2911,30
shy237,30
Mudhorns,30
NathanVital,30
ukyo023,30
shoujiroman,30
minseoboobslikebomb,30
kindofablur,30
dogchamps,30
XiaoQiao01,30
kobato_sora,30
dmac1294,30
Clemfbr,30
sgordon11,30
nanoka37,30
disc up,30
pong_pong,30
HungryJackzz,30
LongLive2,30
Ninakuma,30
dddd4444,30
Dangbaka,30
daifku0321,30
Ultearrr,30
siggix7,30
SillyLolek,30
jac9syyyyyyyy,30
Summer Bear,30
MUST__SHAKE,30
haru_k_n,30
pochaccOO,30
joshuajang2,30
anonyks,30
agamaaa,30
ryleeg123,30
rylaia,30
SNS0301,30
kawanagare-katsuko,30
gou123gou,30
Wzh0827,30
blam72,30
totooroooo,30
KayTw0,30
CheeZ3141,30
Apocalypticoreos,30
2jy00n,30
milogert,30
eloufou,30
iddIla,30
PSV4,30
ixaba_renge,30
muratkaracimen,30
Pravi Boïra,30
Gianbou,30
Spatham,30
Aesow,30
ExCrab,30
jukuz36,30
dragunov33,30
Caro128,30
osashimi33,30
dhaohfofo,30
s a v e,30
sungho1704,30
02Harriet,30
yukijuda,30
ByaByakuya,30
wldwldzhdzz,30
Atlantixxx___,30
KiRAKU72,30
steve627,30
Kiki2752,30
koma1038,30
eujet,30
Piasis,30
omantinchan,30
sato_sss,30
ssap gosu,30
Parmezanchik,30
wootawolf,30
h0shino,30
dadadadaichi,30
Gannet04,30
Boudville,30
wis926,30
KI_YO,30
kazukaa3,30
yuma01,30
bangbangintotheroom,30
ladyCri_16,30
alexandrebernard,30
Akakosku,30
nickhansen1,30
evil-water,30
lostchinaman,30
zeetee1235,30
Luuuuuuc,30
go to hell mr roh,30
gorta,30
jorgeaol,30
Kim01623,30
Furh,30
Nodwey,30
potential100,30
ao_hamamin,30
Shizaa,30
Kathryne Keyron,30
octsnow,30
HekXD,30
A RMA,30
mrclkptsk7,30
Mazer_Rackham,30
Gou-letsgo,30
popo163,30
opposite8982,30
arken-2005,30
unyacoro,30
Tiluce,30
circlekk,30
SawgyDawgz,30
mercou,30
AdamKhant,30
BraBasti_,30
Matchayaki,30
SweetHilde,30
wjsdudwn,30
PamBim,30
bonanja,30
PetChicken,30
KP2013,30
jwy512,30
Dee001,30
AndyChérie,30
earan,30
Igor19860613,30
mrtortuegeniale,30
ARk0322,30
ohchloe,30
Ariella22,30
IvanPunk,30
MK Dufort,30
nerito09,30
momizimomi21,30
bcholden,30
Jeff0101,30
ikkitousenMAJINI,30
Gaburieru_Camel,30
suzume1112,30
SEDOEMON,30
shiunmaru,30
AndrewYooQQ,30
leuhino,30
dalingdiri,30
athenazalia,30
Jackgaff7,30
samsamwebber,30
ajhavel,30
jjakku,30
lmt321,30
Fellwether,30
kayo112,30
BoonChai,30
Sugi_z,30
kleryk,30
101325,30
neo0guriss,30
8Lazy8,30
suraimudesuyo,30
ChurchQbc,30
mini6363,30
Liliie95,30
fireboy55,30
Barbouille2,30
waiangus,30
stealyourfood,30
4pp1,30
hagepi,30
beibei1204,30
jingnij,30
Umata,30
jaqa09,30
mq0511,30
AliceZero2,30
swaggercat,30
AXexia,30
oceanawef,30
freese_s62,30
SonniKuma,30
nishinomiyako1,30
bell 0401,30
magicmirror_go,30
drewnomir,30
oshirichan6,30
Russo01,30
Filldrame,30
pawelsorotskiy,30
relsa,30
Maxrum08,30
K2288888888,30
IceLam,30
Nefu_taso,30
annabellenantes,30
hoya6,30
The Dess,30
Getready2loose,30
OtLLeR,30
Lakkish,30
julianjl,30
TERARINNN,30
leesuhyeon,30
nyagotti,30
BIGFOOT12,30
Sordon,30
A-nya-kawaii,30
yeonjjj,30
soupiya,30
Murashige,30
Spider Jérusalem,30
botanegg,30
wrawr,30
KZ gamer,30
kumaotn,30
lafemmedegabigabu,30
Natfy,30
GarbledWeasel21,30
ralph kang,30
olzkim,30
thrashlord,30
karupasu927,30
Raz1kson,30
pelorincho,30
hirodayo77777,30
wameku,30
hiddenwolf,30
bobosgolf,30
Tatsumi5747,30
liselotta,30
77y_a,30
Dobiodprahy,30
sikema,30
FusilliSandwich,30
ScarletWithAGun,30
CookieXIV,30
watsongr,30
toritrip,30
whitenagi,30
tanukichl,30
Meliboue,30
taropp15,30
rileygerber,30
Yomogimon,30
xxxxxxuhenfei1,30
coolsiwon,30
gonzaman,30
zatto15,30
unkobrbrbrbr,30
yagigoat0283,30
karinooooo,30
oyamano chiyo,30
Hurrem1502,30
enakatsu,30
LIUxiaon,30
SHtheking,30
sanadayukimura,30
24dada,30
Boardgamemachine,30
sprtnash,30
ayaka4,30
natu2121,30
tantyaka,30
0nigin,30
Kagamiyavi,30
ccctttddd,30
arb9i,30
Mileas,30
GiantDucks,30
Sano16,30
Chawarman,30
moosicalducks,30
PierPaoloPasolini,30
motimotihikaru,30
S_Jay,30
Zöld-völgy,30
VincentSTLL,30
kokokokokon3,30
hiroto3215,30
Tomiomi1234,30
Sasaki_Chie_P,30
Eziolus,30
Ricoru,30
motimotihikaru,30
S_Jay,30
Zöld-völgy,30
VincentSTLL,30
kokokokokon3,30
hiroto3215,30
Tomiomi1234,30
Sasaki_Chie_P,30
Eziolus,30
Ricoru,30
Exo_diaaa,30
sayu5,30
kinamoti0923,30
kenlogg,30
chicken_SP,30
sasahira,30
Artichaurélie,30
Numeroed,30
JYAGADORA,30
Octopus misae,30
Moyunchan,30
Ryuryuji,30
remichi,30
Kingsice92,30
deep wolf 17,30
danakip,30
Gabifitness,30
yuuuuukiiiiii,30
akatonbo_poke,30
Richard1027,30
llllm,30
Momonoki136,30
saiboy31,30
ham-_-,30
Mrmac62,30
talunto,30
Cécé77,30
nachikooo,30
mine_1001,30
syaseda,30
winter_Mk2,30
Nicoboujan,30
BeeBlunt,30
FrankLad,30
koube1206,30
Soforak,30
Aareez,30
Haley94,30
bell tree11,30
Lory_lori,30
flaviamrosas,30
chavajr5123,30
ddeoo,30
shuya0627,30
rantyannra,30
llKITSUNE_SANll,30
rishi2021,30
aoringokuma,30
minostr,30
npsabari,30
okayu_96,30
BeaversRocksAndPizza,30
XXXkidauniXXX,30
yyjsqqc,30
999Chiruno,30
sirota46,30
Tokuninashi1011,30
Frank208,30
GuillaumeBeguin,30
flagg2525,30
hamachiiii,30
FoxFace29,30
chase144,30
Ken_Cwrr36,30
mtlaw,30
Rohlik_33,30
mashu-,30
hatokani,30
muuuuuuuuuuuuuta,30
Ninette14,30
sachi_okome,30
beenstoast,30
Lizzza_,30
wakpu,30
ww6,30
oolo26,30
nasuti00,30
Gryson66,30
sydneyfire,30
Baechuwu,30
ChiefBohanan,30
Sckej,30
Freshnutz,30
CuddlyAshy,30
Naraka17,30
OOKA00,30
POPPO_itg,30
PMT-_-,30
Kapibara20011016,30
Rasty118,30
sooooraaaaa,30
cetrox,30
iDoubt,30
solar0716,30
bridgebunny,30
nannaaa,30
cjs8203,30
hoxoxi3663,30
blinxe,30
rantan0o0,30
getoffworkontime,30
Ruri_2kaido,30
Heakkang,30
hoonihu,30
mingda12,30
k1nak00417,30
waka rena,30
Cosmic Cat,30
ESU0811,30
yu-uy,30
Dr Spotty,30
MoragTong,30
Eryss,30
tara_mutori,30
lalie1024,30
Holahd,30
ttaeger,30
redfuton11,30
Emilys32,30
shina03111111,30
ibishatou,30
ra-oil,30
NIS_syg,30
hiroyuki12,30
swordsman4,30
kingofwolves99,30
jing715,30
thabeastt,30
Nyx_Nychta,30
zoldad,30
Klumet,30
Little_pop_corn,30
woodrick89,30
veryhanddsomeman,30
Caitlin96,30
Derzzzkay,30
David Xie,30
sakonjawanishi,30
travman5298,30
motototoma,30
captainmexico,30
hugoisla,30
RomainAllalong,30
inuknuk,30
Martial17,30
amplexus,30
MunchyMeatloaf,30
yinminghao,30
musyoku24sai,30
sagwanyang0901,30
WUGWUGsuru,30
Na_tha_lly,30
sa2701,30
fernan08,30
everyia2,30
dlrudxor,30
pickn321,30
kailorenzo,30
ypika,30
yujinpark0413,30
wudiiiii,30
kyamikou,30
BT012345,30
oneworld,30
velahs1,30
nighthawk717,30
kakipipi,30
DJK8228,30
bread_wq,30
Henry the sin pigeon,30
Sahazix,30
takumisanndesuyo,30
pigger213,30
kerurubi,30
RyoSeiji,30
soh38,30
logilogi,30
CRmakotsu,30
NGEKAlil,30
andresespejo,30
EOM,30
veve34,30
OguzBey,30
Argoxanz,30
realbikelife,30
nichol123,30
funky_pete,30
AejsMs,30
ur-wife,30
My chinpo no tenpo,30
Dysonzukooooo,30
coalstn,30
Thats hot,30
skydlfp,30
dallong,30
amirsamwithbrother,30
mvpp96,27
Erik Juan Carlos,24
I muted aII,17
Being single is cool,15
sbnckn,15
oms_,14
DarthVaderChusok,14
yuruyaka39,13
Jesterox,12
zhdkzhdk123,10
sichmea,10
- -Caleb- -,9
Pikadowl,9
Jefersonkds,8
cindyfu1127,8
Suaki3,7
oika0515,7
yu_ri_,7
euler_kk,7
IamDeebs,6
Frakire,4
your dad was me,4
I is you ket,4
SalmonDog,4
cindyfu1127,8
Suaki3,7
oika0515,7
yu_ri_,7
euler_kk,7
IamDeebs,6
Frakire,4
your dad was me,4
I is you ket,4
SalmonDog,4
Bluelightnet,2
Mariohoho,2
ferhat124,2
meshidaaaaaan,2
ninaa2015,2
curiousbaby,1
Djoubinours,1
hamdagh,1
Hamida28,1
relleku,1
SpecialGirl,1
jelasus,1
235689,1
aa1a,1
-- lucy --,1
agedori_OC,1
IMILL,1
ChocoMInt_1357,1
Kardox,1
BrigitteLabrel,1
jhs5608,1
sylvainmj,1
TheGamer01001,1
KipKerrieKoekje,1
Adnannasri,1
Tenacious_B,1
Queenkat,1
TidalWave647,1
yonechanpet,1
datocano,1
yoga71978,1
hajjak,1
zooo0,1
uiuiiiiii,1
Gladwin,1
badbeatbryce,1
Evan792,1
Marussynka,1
MarylouKerouac,1
sajt23,1
Quigley Guy,1
saltydong5258,1
ALEXgamming35,1
jadmsd,1
Jirayaa,1
jushita,1
swimy0_0,1
messup30303,1
nyannko0808,1
Esker678,1
pasdequoi,1
kurenaichan7,1
ISEKAI_KAF,1
Cha-syu-kun,1
DJFMY,1
mochilovelove,1
Thanatam,1
diedrit,1
cissinha,1
CriiSpS,1
0 jae,1
Zontigershark,1
dormogo_dome12,1
ZekPeresidokZonaLive,1
Lilouleloup05,1
queensueboo,1
Floflorsh,1
yuyuyu3issmarter,1
Elfa Oscura,1
yumamamama,1
One_Ming,1
lightbulb26,1
Ongong81,1
terry1365,1
tibibalasa,1
IVE IVE,1
SUNRISE00,1
kurokun01,1
kbyt,1
shoganasai,1
MAVAVA,1
ZZNC8,1
relativewolf,1
mikantokotatu,1
HaiK_karaage,1
Pepi_stan,1
Swaenb,1
idknow0505,1
marronia,1
sheeeenaa,1
WINKIMS2,1
Doull,1
bbbbbbb40190,1
schwarz07,1
usetu,1
yamajiymaji,1
daima123,1
toratigertora,1
Areskifolt,1
yasuiandpoppo,1
Sir Omame,1
ponta8kawauso,1
yyyuriko,1
Jathanu12,1
Amidzi,1
nyopo,1
Haitech,1
Debuken12,1
Heike Popeike,1
Bo Batcher,1
Toxic_Deaf,1
CryCeratops11,1
mudit2103,1
yumi0606,1
goimo,1
cnot179,1
aomine1025,1
toru_BME,1
szkdaa,1
phosphophyIlite,1
munaku3,1
mokiszin,1
Pelemeshek129,1
Estebitanpepepe,1
Guilhem06,1
jostophelancien,1
Emelfie,1
doki_doki_doki,1
XIthDimension,1
zemota14,1
semihg,1
Glassplant,1
eagna,1
flaxam,1
ohmek,1
xiaoyezi,1
ryan08,1
Belsj,1
Pontarchois,1
nono57500,1
kuni_rafa,1
HanOuO,1
YraN_0213,1
raru1029,1
ppp101,1
Azamy,1
ZeroOne1253,1
nefli,1
nyanko-sensei,1
Thelegion32,1
Sertoza,1
Bridge002,1
Lyrron,1
Mewia,1
mland8989,1
Sylv1_D,1
kiemso,1
stinkyrat789,1
nayutan_777,1
samjh86,1
Neo4,1
nicholasi,1
stork82,1
kwanao,1
rabbit_224,1
saykoo77,1
freemaker26,1
coroner1992,1
PING-08337,1
maru0000543,1
NamekujiBeam,1
coborhc,1
Tom_lew,1
mahlayd,1
Lulu21,1
ragnathor,1
McLobster57,1
DrewScroll,1
Joogyoung,1
Sean2012,1
Fa97,1
faanny97,1
Mr_mask,1
chareee33,1
HARRY756,1
bellofigopatentato,1
jeanpoule,1
laolis,1
GreyRaven,1
saku0806,1
bordgameking isashi,1
DeraNoa,1
Sio33ew,1
karon101513,1
BubbleP,1
pudim22,1
hixbix,1
Caharri7,1
jang3290,1
AminRahimi07,1
yuronn0831,1
dino_lee,1
curl0313,1
Bel_sakalam,1
lunatic4242,1
AgentKei,1
knownasarm4n,1
mu_nyi,1
TATIKAMI,1
Harin Lee,1
Galenus_,1
prettypuzzled,1
goodgamehahaha,1
SINOPONE,1
1 j 1,1
panconchicle986,1
Amir9167,1
Roxy107,1
zusia,1
vitt0104,1
artase,1
Dad5tPeter,1
RidgeandValleyGames,1
Aria Rhapsody,1
PinkRiddler,1
szd2333,1
tutururu,1
Doumé cattaneo,1
xhrckd,1
skmt1751,1
mi_______,1
351450,1
meginii,1
hiro000039,1
amuro_0382,1
Tanmay2109,1
masu123456,1
tukimiya_hurea,1
ko-ei-,1
sanpo919,1
DaichiAsahikawa,1
Renning,1
Holy_Panda00,1
yamada umi,1
nikhilt,1
saikyoFIREdoragon,1
medamayaki_syouyu,1
cpu1miya,1
Kagurazaka Chitose,1
zoroarkdarkrai,1
tukueda,1
unoooooooooo,1
hysan903,1
Manta_5,1
komigiko,1
KSOL1290,1
kazuuaua,1
ggdxc92,1
AIDENCYTUSROY,1
TimeKeeper1649,1
tonoco,1
submarine_1660,1
maleicacid,1
44737810,1
mido00217,1
yellowgrandpa,1
LSC_Yuragi,1
Park jung ho,1
xcloudx,1
maki yamazaki,1
Eyelashbug,1
floridaorange,1
zzpp,1
lounaNBA,1
eonih,1
Darkross,1
Umi2,1
Blockader,1
KimJJ1,1
izphatemeh,1
betotorres,1
Corvette080495,1
kmiller103,1
Violiine,1
RedProkofiev,1
lmcturk87,1
onsemiro11,1
raccoonboy,1
TNTBOOMBOOM,1
Blackphénix,1
Tyomo_Kuro,1
kikku-dragon,1
DanielFullard,1
Deltq4,1
dom373737,1
Zaberz,1
Amartino84,1
pHoton__,1
violetdragon,1
John Osejed,1
Jumper_D,1
OdelineFion,1
savethebonobo,1
NerdWalk,1
40210540401009,1
hitsujinomoko,1
GOONZZ,1
Dümdüz Eray,1
ten1231,1
Ala bertha,1
Titaniumanai,1
NotSoGoodIan,1
reinerenee,1
punzel99,1
HahaTuVasGagn,1
Mammalou,1
felipow,1
KCenturion,1
Biggsy,1
ladyclarkie,1
Aleksandra3210,1
SanyaNamutilus,1
wkwmfsk,1
everex77,1
alaryk,1
E-kun0801,1
mara_ca,1
boop757,1
VoItage,1
Samuel0502,1
Aleksandra3210,1
SanyaNamutilus,1
wkwmfsk,1
everex77,1
alaryk,1
E-kun0801,1
mara_ca,1
boop757,1
VoItage,1
Samuel0502,1
pires_vih,1
Patatez-fritez,1
arimotonomoto,1
lensha95,1
lin0105,1
The_Onyx,1
Arnaud218,1
TOMO1115,1
BarlasTrk,1
chokomint3,1
takyai,1
DAVIDE1700,1
stephy17,1
Bannn24,1
SSR katano,1
LauBes,1
Frostyest,1
HanValen3,1
jen_kerflooy,1
juanmanuca,1
takyai,1
DAVIDE1700,1
stephy17,1
Bannn24,1
SSR katano,1
LauBes,1
Frostyest,1
HanValen3,1
jen_kerflooy,1
juanmanuca,1
iwn1,1
Waybee,1
TouantiSeven,1
ouiched0ctor,1
0717zxc,1
masayyan,1
ringotabetai7,1
Zoomer21,1
Matthias_vdv_,1
Knollebol,1
Plumeria_99,1
hotpotfam,1
liwat,1
c_tan,1
yamaneko6500,1
sal9ya,1
gg87QQ,1
LeChader,1
simbaatfksSOB,1
XY3Z,1
buruck,1
sachkin,1
oorganic,1
WeavingWench,1
jgr0,1
amirabbas71,1
oinarisu,1
U0x0U,1
mali8811,1
dantebino,1
tom2412,1
Tezime,1
Oenothera74,1
AlexTro 97,1
lokum3,1
mi-you,1
shilver01,1
Takapi-MAN,1
shu9153,1
Chef_Long,1
SJL2002,1
sirlof,1
somethingm,1
yuusee,1
rikuda_yo,1
hagechu,1
hoduuu,1
Rachoubibiche,1
makooot,1
ziimawwww,1
Hamuta_,1
HWY,1
BoardGamesCult,1
daeneris,1
NickChemE,1
Bilbao-sixty-nine,1
Jlzachary1,1
Carcass One,1
masaru_hanada,1
tomecooo,1
miya yuuuuuu,1
Dai1610,1
shawncute,1
chisato_0127,1
ScoreCount,1
potapotage,1
harpiharp,1
nevladislove,1
ttaett,1
wata-yuki-1984,1
gertpark,1
USANTVL,1
LadyKatelyn,1
masatositnp,1
takana_o0,1
kyanmeiku,1
kyrillc1,1
Julicj02,1
DooM_Xice,1
martalgarrido,1
Taïga456,1
bunnknee,1
MGLKS,1
Dimes 4 Crimes,1
Roopadoop,1
frenci1305,1
jankcz,1
asdfdsert,1
kamilthetanker,1
red_rain,1
Gonahau,1
bazzi_1121,1
kaziya-86,1
crazyouo,1
liudabo,1
reirei0000,1
takeru0319,1
nun0917,1
vanom,1
0525take4,1
majan0207,1
KG_mob,1
002002,1
yoshi xx,1
alinouchette,1
leahtuna91,1
lllllleigh,1
keins8,1
kimkim89,1
sushimen,1
majan0207,1
KG_mob,1
002002,1
yoshi xx,1
alinouchette,1
leahtuna91,1
lllllleigh,1
keins8,1
kimkim89,1
sushimen,1
sawatudesu,1
Seth8800,1
nohamlm,1
Fred le Pioup,1
Adèlelou,1
Iwa19,1
Saomachuen,1
Oisy McCain42,1
Thegreatsoso,1
Freezy59159,1
riccarsto,1
MintGlasses,1
mon_n11,1
DALI0511,1
nofake777,1
Klyban,1
Zepis,1
Ultimate Bahamut,1
x i n _yu,1
PiTheta,1
tyunkichi,1
yokuyakiunagi,1
Lisooon,1
dinara_f,1
Squzidge,1
munimunian,1
6channel,1
Nishymia,1
Mitra90,1
Domelyne,1
LBIGF,1
Ariacb,1
NovaVoorhees,1
heathbar,1
Toupin,1
wandalf88,1
yurimochan,1
RenartSan,1
kkoudai082,1
timi1014,1
peipaomengxin,1
RyoGt,1
katatumuri1234,1
kanon_Pore,1
TAMATAMAz,1
minnii,1
marsetmurrie,1
Maétim,1
yakioniiiiiii,1
johnanne,1
THORKANN,1
kickout16,1
Keylies,1
Sad____,1
DonutMan06,1
AurelBad,1
wyvah,1
KotmiCZ,1
the machine 030,1
KaoloFook,1
Wave_Mongao,1
LeGrandBatou,1
Calcifer_92,1
Chrisr-c,1
KJ SHEN,1
100zm,1
eringi11,1
Sharky_,1
tiiitto,1
MeneerBoss,1
Wave_Mongao,1
LeGrandBatou,1
Calcifer_92,1
Chrisr-c,1
KJ SHEN,1
100zm,1
eringi11,1
Sharky_,1
tiiitto,1
MeneerBoss,1
meeple_mike,1
glen16,1
kurococo_boy,1
Kianoosh006,1
ryuryuryuryuryuryu,1
Yukine_Chris,1
JuChang2,1
soramame_oji,1
mimedic25,1
Shifumester,1
BranwenPendragon,1
Popote-,1
Piyo-himari,1
NocturnalEpic,1
listopadlo,1
tartin,1
Hayder-9,1
elGriso_,1
Kiru24,1
Nygotte,1
denix_games,1
MrBugi,1
terumi6480,1
Jack Snipe,1
herumete555,1
haruoy777,1
B627,1
WheyMist,1
tanago555,1
hyugooo,1
guratann77,1
253253253,1
KuronoHiiro,1
zdc999,1
Tsuki0916,1
KuroMayu1106,1
rjmccurdy,1
neapel,1
Bbbook,1
Djoseph_Cirillo,1
Hom_78,1
King-Hippo,1
ninnybob,1
Akuto_SR,1
Simon OK,1
Bgordon81,1
WAR-BR,1
take73,1
PatsLee,1
kimuchi04,1
Hom_78,1
King-Hippo,1
ninnybob,1
Akuto_SR,1
Simon OK,1
Bgordon81,1
WAR-BR,1
take73,1
PatsLee,1
kimuchi04,1
hamcha,1
VKury,1
husui3,1
anhvuive,1
North_ Black_Phone,1
ero0s,1
inbalk,1
Sirus91,1
saleiv,1
pepito-kelleher,1
Arnolg,1
Brett10,1
Tsc2g11n,1
choutin,1
SUPERPING,1
Osvaldoosvaldini,1
risa2468,1
FomarLeBabar,1
ameshizuku,1
hippopops977,1
Arnolg,1
Brett10,1
Tsc2g11n,1
choutin,1
SUPERPING,1
Osvaldoosvaldini,1
risa2468,1
FomarLeBabar,1
ameshizuku,1
hippopops977,1
Thomas31408,1
FirePrincess447,1
akulkaoa,1
balonatis4,1
Afikun,1
chaosspacepoutine,1
warauyakan,1
Kassou619,1
Yuudy05,1
FLIIIIIA,1
fish5kg,1
Hemlock,1
fred2400,1
hoshi3327,1
LasamiYa88,1
paciodv1,1
Chuckchaness,1
Célinourse,1
Inquisitor Abides,1
IsaiahLam,1
dia53,1
SyakeApple,1
SpaceLizord,1
doraichi256da,1
cheezeater3141,1
SigmaShot,1
LordChaosX,1
ItzelM1,1
mina0728,1
pixyale,1
Alexiiaaaaaa,1
uchakon,1
barnabyss,1
321awa,1
jyukepi,1
Ivan0483,1
QAQQWQ328,1
kigoh_neko,1
GMMagnus,1
Taiyaki77,1
INKO05,1
Komark622,1
Rose des vents,1
Mr banana77,1
tamutamu0818,1
User-d3e90136f6,1
fabien62,1
yodonna,1
sammalsuo13,1
Alkyna76,1
Pedr0gas,1
fudruck,1
MechaEriz,1
TheChosen,1
andlql1110,1
iqqiyy,1
hdzenius,1
JJ444111,1
Fayt87,1
Silvermisttt,1
jukuzzz36,1
raruky,1
maximgaren,1
Himechi_0602,1
kawasan17,1
marukomaruko,1
abuku,1
kanwa,1
Aso Naoki,1
ne_9i,1
Markusha_,1
bippadayo,1
MrRumell,1
Koala156,1
TylerH,1
hikang,1
nacco1,1
jojun1,1
kong000,1
wovenhead,1
yosiko kare,1
cbcSSB,1
Carrier King,1
Sharkinek,1
seachan,1
Raxxos,1
Sir Alexios,1
yodakaharunosuke,1
yookong,1
homeo100,1
Lint42,1
Kulala14,1
TrickDS,1
S_S_Swordedge,1
jam1728,1
TheGuy1264,1
Swanwanll,1
ddchobb,1
apple pen777,1
YYY77,1
SKMowl,1
Elemidora,1
Deedee4465,1
Rosie247,1
K Madarame,1
Ozma5963,1
Solano Kanata,1
Michael guillaume,1
supnoone,1
Jocoka12,1
ketsunohone oreta,1
darklight520,1
nektarios_pa,1
Naumos,1
ude2baru,1
ElvenLenka,1
6uidiz,1
Yorgul,1
Pendragon22,1
sibahu742,1
puppu589,1
UETYO,1
golden castle,1
nissui1995,1
rapyota,1
Moyasi_67000,1
BossLevel22,1
ez6,1
pf1219,1
djc111111,1
Ulquiorra95,1
egg1031,1
hinabobo,1
KozasGR,1
r1chysk,1
zourkaa55,1
eggpopo,1
Enmu_,1
yaruo3,1
takumi93111,1
kamabokoyuk1,1
My goodness,1
matyupiyo,1
niccolo94,1
K_Takoyaki,1
masashi_cb,1
immortaltoken,1
misoji114514,1
gorosukepo,1
nagisaarima,1
U-Mik,1
Ishi rn,1
HanNH3,1
phuwee,1
AroganckiKartoflak,1
icechocochoco,1
Sarrry,1
duck0530,1
K__Mafia,1
vksz10,1
soo phiiie,1
PaperView,1
TheRabbitdu31,1
SpencerEllis117,1
EnderFay,1
boardgamebaddy,1
lostidahoan,1
JUDE BELLINGHAM,1
mio23,1
ARQETYPE,1
mokouSAN,1
iYve,1
LAMP57024,1
Empower6852,1
junseomark,1
SunQuik,1
Sarah_FE,1
Binopsis,1
headlessclowns,1
BATASHI0606,1
niami,1
mkzzang,1
yeomshin,1
MarieVHH,1
BenZeKing,1
arinkooo,1
right gem,1
Mario1301,1
gloom first,1
goynes1,1
ch19wa,1
NILL-A-,1
big bid gg,1
Nightanday2005,1
chigiru25,1
__DOT__,1
mamma stina,1
Savp07,1
hazard750,1
TOMMYT24,1
Tectonius,1
sandyelsa,1
popsmackle,1
Erekel,1
sparaku,1
MaledictusLuna,1
issusigae,1
duchulkim,1
PeterZhen,1
chun8,1
sion_538,1
nagichu,1
TAKEMIKAZUTI-R00,1
HarryLee63,1
tapiokapan333,1
AccountingGenius,1
okitanolan,1
800dolle,1
expNTT,1
MegaToby,1
JoLagglo,1
LeoncioPoncio,1
klolanop444,1
Cla42,1
Bandrew Golden,1
ananastja27,1
YuzuhaViVi,1
but_mom,1
Trickster19,1
Lghtn1ng,1
JoLagglo,1
LeoncioPoncio,1
klolanop444,1
Cla42,1
Bandrew Golden,1
ananastja27,1
YuzuhaViVi,1
but_mom,1
Trickster19,1
Lghtn1ng,1
MozartBeethoven,1
adamdds,1
motsmmmm,1
bestsung2000,1
chlo99999,1
Creepposter64,1
Payek,1
seba 300,1
Crissicko,1
bgon,1
Milano15Manu16,1
Ssie13,1
masitake,1
tcpz,1
Doblek,1
tom_mute,1
StarClear,1
dodali1993,1
anndypwn,1
marcelat,1
jico sss,1
hayato k,1
vacari14,1
jackevils,1
scp510,1
nejikoujou,1
MrMajo,1
cocot54,1
Pedritortilla,1
lah8898,1
kkimkkim,1
Duchsoul,1
- - Caleb - -,1
cruisingmeghan,1
Wangbambbang1234,1
Big Daddy of Love,1
Hinz81,1
vision_m,1
honokapanda,1
cristian911elperro,1
hiroto_1610,1
te8n,1
ShadedGlade,1
Figarose,1
monakaaaaaaaaaaaa,1
Edwin91,1
Ömer faruk imren,1
curtain630,1
DAIEARTH,1
jtmiclat,1
hiroto_1610,1
te8n,1
ShadedGlade,1
Figarose,1
monakaaaaaaaaaaaa,1
Edwin91,1
Ömer faruk imren,1
curtain630,1
DAIEARTH,1
jtmiclat,1
Deny Red,1
crobichaud2,1
Krapsou,1
Moisesascv95,1
genkgb2,1
landers815,1
cyrus_the_virus,1
angie181501,1
momizimomi214,1
tmorrey24,1
pohinian,1
Kasinn,1
Niight012,1
koakoa096,1
baraba-ra,1
Peorika,1
fariz bayu,1
psaltistha,1
kittykat5,1
Shenhe_suki,1
Hafuri_M,1
bugang0827,1
Gagaloo24,1
airplanet,1
jeong12_3,1
TefinEnot228,1
IdkLul,1
jjjok,1
RealJacky,1
pas_jack,1
CHAESOYAN,1
Géraldingue,1
ELpuripro525,1
Kikelodeon,1
victorious5510,1
wawa508,1
xcrazyguy29,1
ejze,1
lzr123,1
inaba rio,1
SaotomeP2,1
imbp,1
junjun0901,1
chelbi you,1
dontloseclap,1
rain37,1
Buffalo64,1
watanavas,1
munoushumu,1
eruerul,1
Leaftea05,1
Citydevil,1
925xx,1
Moriwe,1
tnos004,1
sb0487,1
KoBi_,1
BulkyKitten1,1
Seamus Ryan,1
3502887,1
gunfightghost,1
TheUnknownPlayer,1
Creemzon,1
MITSOTA,1
kimgeon,1
aml3105,1
Elisethebest,1
Galexyiii,1
344san,1
hoshikakemeguru,1
Jazzyfeldzle,1
aksarayisabet,1
shi0ri38,1
karamanisabet,1
Fides27,1
fungachoi,1
Cat_Ida,1
h basashi,1
rijbroli,1
jiae525,1
oilyottofu,1
QYLiu,1
Hizna,1
Jab0l,1
kinyokun,1
Benji_Toshi,1
kanrasan,1
yomi_satsuki,1
Mimi-Lou24,1
solene3010,1
kebab2220,1
tuzin_rms,1
asdasdasdrtgfc,1
_sam_cla_,1
hryousboard,1
efina01,1
baik107,1
niguur,1
mrdinggind,1
nidel,1
mackey313,1
Babulisku,1
seyricezeynepferiha,1
flake18,1
maichiru,1
peppa91,1
heavy gander,1
rosypunch,1
madara56,1
nicopasaron,1
wiseeguy,1
sirFrancis97,1
Najarda,1
luc11k,1
AKSUNG,1
mihribannnn,1
shopheekuy,1
ddangahn2,1
rruipp3,1
HanabiTrainer,1
Zandy42,1
Xander Cage,1
yuyupad,1
Robson_Leite,1
NMhanada,1
thla,1
hikotya,1
alphaleehoho,1
kininaruanoko,1
tpotty74,1
olivianantes,1
mogida,1
ComOx13,1
Sylian79,1
yuki-ed,1
Smaza03,1
Boring_gamer,1
scrutinist,1
cviolet00,1
Laaya,1
0pss,1
Moon of midnight,1
Sheep 44,1
ualicemer,1
mrGreySock,1
huesm,1
TragicOcelot,1
Lanphin88,1
marieb7,1
miz00,1
Yean kim,1
yoppy_yoppy,1
genaribaragi,1
sprpp,1
UdonOudon,1
KITUNE15,1
kamitama48,1
marubou07,1
murim23,1
EndreVarga,1
Holon1205,1
jf621,1
yahoocojp,1
FloFlu26,1
axleisen,1
Solniger,1
maejoo,1
Emomomomomo,1
SewageWater,1
Minaminall,1
Well0xs,1
Emysgr,1
Ernem,1
mary_siberiana,1
Bas_slaats,1
kakipiiii,1
Neri Ume Neri,1
lindyman,1
itzjessy,1
kozya03,1
SanThirini,1
extr1mal73,1
GabiGabu,1
donoooooo,1
QuillQueen,1
sorasss,1
uemmy,1
kubo679,1
acbcs,1
rosa222,1
Elix__x,1
francktic,1
AwesomeEdster15,1
soshzxuxh,1
hsu2,1
opio3045,1
bryanjung2522,1
ix0,1
Kyamitan1,1
takenoutthetrash,1
SPAaaaaaaaaaaDE,1
Nasmity,1
LucieK22,1
di0_Brand0,1
Noemigioca,1
dosukoi_123,1
ryumu,1
shiragainu,1
tategamineko,1
NomuSun,1
NaripoMAN,1
muchipi,1
MrImposteR,1
Matteokindastinks,1
miuskasvetluska,1
onceawasp,1
kim jerry,1
MuscadineBloodline,1
yukiusaginanasi,1
lil299,1
dumspirospero,1
BAO060408,1
karkien,1
vivy0619,1
tarshinastya,1
tnrud010,1
divad2417,1
Taco88,1
MrChorizo34,1
Voxith,1
dumspirospero,1
BAO060408,1
karkien,1
vivy0619,1
tarshinastya,1
tnrud010,1
divad2417,1
Taco88,1
MrChorizo34,1
Voxith,1
kunntaku,1
Kimlorica,1
kesin922,1
mmooeeee,1
keelygerber,1
issaman,1
Chan sey,1
kimeottom,1
QuiteQuate,1
DateKazu0118,1
lowolU,1
akiejyanai,1
k484848,1
Ninjin Allergy,1
ts_hgpbo,1
tokkuri09,1
Joni1711,1
nasuno_nasuten,1
Asmith62,1
naohiro_12,1
yamadajin,1
Jack6629,1
Sojasans,1
dont2angry,1
JoeKun0829,1
Shu_kuro,1
DawnMello,1
_straysheep,1
grigoflorin,1
hgh0702,1
Bakewell,1
blair1067,1
joshiwawaa,1
JOJOMINGO,1
CapSeum,1
VacheALait99,1
Flips13,1
UNTOWARDan,1
inquietry,1
Magicfan123,1
Bakewell,1
blair1067,1
joshiwawaa,1
JOJOMINGO,1
CapSeum,1
VacheALait99,1
Flips13,1
UNTOWARDan,1
inquietry,1
Magicfan123,1
kym_s,1
industrials,1
dorahide,1
bladeat2800,1
zyutamin,1
AiSRT,1
ninji_,1
sprtnajam,1
tribal1127,1
kekero0250,1
nocarat,1
larme,1
bros2530,1
umesato_kei,1
alexone,1
doxu86,1
insukiler,1
harumaki222,1
TK-U4,1
oitanirui,1
danamiji,1
sougetuuu,1
Bobopétal,1
Hartyfarty,1
Yuu3Mz,1
lydwil1,1
amemiyar0801,1
Adrik,1
kulpinai,1
toto room,1
SajinChan,1
asapi0112,1
RB0,1
Fistaska,1
waniwanipan,1
washletking,1
gdetam,1
Noah_xo,1
Mouseslips,1
zednann,1
Brenno Constantino,1
Benjimester28,1
Bouraking,1
monxy13,1
Hel - 1764,1
SunnyBoykos,1
spinoziana,1
greaean,1
champ BB,1
murabitod,1
RogueRhythm,1
Marg-Sun,1
skelton2222,1
iu9712,1
mgsin8,1
popop115,1
swift2222,1
IceIcee,1
y ichikawa,1
TaychinToddy,1
nemu0202,1
dappi02,1
cajoline1986,1
VinBnX,1
abufulafia,1
MinnieClo,1
Lalua,1
DARYZHKIN,1
MVinnnn,1
Emilija1811,1
jtm123,1
G4by_0,1
ElGuapoLoco,1
tomhambley,1
Zzzurek,1
V1ntexBied,1
CaLudi,1
NeilNeilOrangePeel,1
Cica60,1
fmsilver,1
rozydozy,1
jeanlenul,1
AHFALD,1
Abord,1
Yaasan,1
mga1060,1
a4326040,1
sasaki fukurou,1
Noe73000,1
patchitaiger,1
astoria_jpn,1
ehhrb12,1
yu-z,1
haruwara1122,1
charkuma,1
BobbaFetus,1
chkki,1
UltimateFechan,1
riitaso,1
Jurkus711,1
KWAKWAD,1
edward_kk,1
langlois33682,1
Wiseman from Arcadia,1
Vocmue,1
irontop,1
hig0001,1
hig0002,1
hainekothrash,1
ssion0514hida,1
MadelineQueen,1
Floris21,1
r2b23,1
bradley0510,1
CanBeSarcastic,1
Alexanderftg,1
redvuddha,1
Direwolfhost,1
eap23,1
EMo_96,1
derothedodo,1
Pangrillez,1
P Istache,1
zacattack77,1
FazeMaty,1
syeri-,1
Ganbrion,1
meeeibu,1
yakiimo11,1
omoten,1
Hkapeman,1
somhg,1
hoottang,1
cosuis,1
yamada1718,1
kobakoba08,1
nknid,1
a_trex,1
Starina_VES,1
Sssmudger,1
saikaya,1
kohda_oo,1
Yowashiiiii,1
KikuEmoN_game,1
rui8ruio0,1
ikepoppo,1
HYEJUN1,1
math1309,1
South_ee,1
mrtrvd,1
Hasenmodus,1
caferate_0115,1
torattexi,1
Maremmano2010,1
Doragzz,1
JohanD,1
jliggy,1
adriellv1,1
dmbamboo,1
namasamo,1
Windpower17060,1
adove123,1
masncua,1
072-4545,1
red blue tomato,1
Melissoo,1
GooseberrySH,1
Krokmouuuu,1
Gapsboyeen,1
Nicasito,1
fp_rh,1
martinepg,1
SuperBunnyGirl,1
yukky1113,1
Mirixy_67,1
kverdin,1
mel1407,1
Luis_dot_com,1
lamixer210,1
megalove0310,1
mito_neko,1
ddingkka,1
yu0,1
syumitarou,1
fredd29,1
sirochiro,1
muro04,1
knm77889988,1
mochilemon,1
shinonohara,1
mii0609,1
Tiisbastos,1
U100202,1
DaGhast,1
kraquos,1
towanosibou,1
mozukuasa,1
Varisox137,1
Hurai0655,1
Kumos94,1
MiKi1890,1
NyokiF,1
PigeonChicken24,1
kr314,1
Frknyldrm,1
dakainolo-reso,1
JeroenBlue,1
SheridanBH,1
Wolf_4D,1
SuperCrazabou,1
Dathisch,1
Tullito,1
jin5085,1
Mos00n,1
QuoriDoraTheExplorer,1
aFoolishFox,1
Mattoudu08,1
Eubark,1
lubiurra,1
Pedi20,1
boerderayla,1
AnicetLePoney,1
kisiraru,1
bshifty,1
MINK258,1
Maricon wasauski,1
Bocecha,1
halstons,1
Kr8zyFox,1
peyroe,1
crystalaaabbb,1
sss0725,1
mtsama01,1
Quinnygirl,1
errolberrol,1
Ifrea,1
tyappyJ,1
umigame_p,1
RUME-RU MEME-RU,1
rumikobori,1
Laiza_94,1
baymax322,1
Corsaire royal,1
Cihon654,1
ken8167,1
ShantzArt,1
vegapunk01,1
anastasiia14,1
ty4164,1
tiny_dynamine85,1
Laiza_94,1
baymax322,1
Corsaire royal,1
Cihon654,1
ken8167,1
ShantzArt,1
vegapunk01,1
anastasiia14,1
ty4164,1
tiny_dynamine85,1
T4K3MYH4ND,1
lebizon,1
cjorgesousa,1
bichoubichou,1
Cam_21,1
Jck9,1
Yoplait Plus,1
MrClutch,1
Cho_Sensei,1
CeliaLuna,1
FleaSkee,1
zhugui1945,1
Galdomu,1
shinku93,1
Nakazaty,1
DOUNUTTABETAI,1
agathelatour,1
lilours,1
bbibi24,1
pcmcmp,1
pukkuru7,1
xDiMx,1
kiki2ya,1
shimi_a10,1
watoson5296,1
hitoshiiiiiiiiiii,1
Crash0807,1
g odofm24,1
agnia1328,1
AlphARr,1
laoyuan2,1
nozawamasako,1
genas1de,1
NewTeamJr,1
KORORIE1012,1
YYIR,1
elomochi,1
gtss,1
thanatheos,1
misaki4747,1
Squinkd,1
aokiri_sou,1
RomainVictor,1
zippo17,1
leo38_,1
anastsiaskrip,1
Valita Paltita,1
Multivac,1
ddanaa,1
indianboy12,1
nabitto,1
superdev246,1
bw55501,1
202212,1
xc0ff33,1
BluePanda5,1
uMsn,1
averywilburn,1
Anatoliy Prav,1
Salad619,1
mannjiii,1
oihoochu,1
Wolf30,1
tomcat82,1
darkdarks,1
chiyou06,1
yanshi10,1
Kuroba2209,1
135th,1
safeweak,1
shansol,1
RainsFox,1
Bedirhann,1
akamiya,1
kk2224,1
rajsik00,1
UG_kubo,1
ibetti,1
Smokin Boles,1
Mottiiiii0025,1
Soba_tta,1
nati_ko,1
ZaBuTo N,1
cocoa_cona,1
_Reiro_,1
stroodle42,1
Unbroekn13333,1
Mohana28,1
SuzyOne,1
hohrik,1
IKaiyuI,1
meynarddfhgfd,1
Adelkaaa22,1
haynbob,1
Stormmichal,1
Hess1981,1
valentinsote,1
FOBOS_001,1
moseyon,1
jherndon8,1
JMGXEX,1
RIZ REI LOVE,1
Carolilas,1
yellowpillow22,1
korea27,1
ksgreed,1
PabloCast525,1
kotobuki0701,1
___ryo___,1
kajikisava,1
Lazy Llama,1
temmazepam,1
marawum,1
coppe,1
Sky39398,1
krole,1
Santa1717,1
Ka_neko,1
rimooto,1
vibuali,1
vixen7777,1
yakitorida,1
quscjfghd,1
KateMin07,1
toutenn,1
LostWryter,1
MOOOON0505,1
Zesiqu,1
LazyColzy,1
LuluLogan,1
minjulover,1
Stepan Pekar,1
MauKiwi,1
TostZzabki,1
BiggyCraps,1
gr00t,1
antoineb35,1
Temshy,1
Ferthenea,1
KenzieFire,1
gogogoru,1
ZLCZ,1
POtissimus100,1
ebfly101,1
bankguy,1
uzyu,1
Taru8787,1
VankaYan,1
mihha,1
Qwestl,1
LizRiru,1
heatherellifritz,1
xvrat01,1
ChubbyTige,1
n4minori,1
RAN1001,1
merry0916,1
3absoun,1
Surikatenka,1
jedimind93,1
ElToinou,1
Liliyakotiri,1
cB DraZa,1
Conny-V,1
Ricciardob,1
camseyb,1
elislis,1
eliteleague,1
RamessesII,1
jjj5j5j6j,1
youseffa,1
ronny98,1
mitzzel,1
creanonn,1
oska107,1
DVDvDVD13579,1
hiragi0055,1
batabata39,1
Golden_glow,1
new mountain,1
neko_kurosiro,1
bangkang,1
yumekkodayo,1
shirasudon7,1
TiffCorrigan,1
yv0nne,1
Ruiha_,1
jae_hyuk,1
mint_coco,1
TakeshiDemon,1
neko_kurosiro,1
bangkang,1
yumekkodayo,1
shirasudon7,1
TiffCorrigan,1
yv0nne,1
Ruiha_,1
jae_hyuk,1
mint_coco,1
TakeshiDemon,1
PINILIT PO AQ NI F8,1
MrBkny,1
everyia,1
rlavlfwns,1
littlebrownbeetle,1
Rubiconian,1
Abhayger,1
sibadrul,1
Flash000001,1
rainermaria,1
kerrykilkenny,1
Mikycat,1
IamGamblerMitio,1
woong1204,1
shisyamonn,1
akikusa_,1
hehohohoho,1
CrazzzyHannah,1
minbok,1
shogo0926,1
ben jonson,1
zFr1x,1
Idle-hands,1
Julius34075,1
Yul123456,1
ayanm,1
HelixOxfordMathSet,1
moosebawr,1
AJOver,1
penpen431,1
Witty72,1
rtdrtd67,1
knut59,1
Hei_Hei1012,1
Czegi1,1
tourya,1
RoseGhi,1
YXIII,1
amorphg,1
vertex5,1
TIPE_MP,1
RentoS,1
G1211,1
23gou,1
safairy,1
peach cobbler,1
yukimoka,1
Suna_inu,1
fumikov228,1
ebTalk,1
Cl95,1
superoriol,1
Spicy_Ghost,1
kikikite,1
AlexTaktik,1
Mister shiz,1
DuneSauvage,1
Polonem5more,1
ChrisAccardi,1
JayChong,1
TimmyTim98,1
NoMatterWha,1
Clushka,1
AiyJill,1
lbschmitz,1
ElisaBdnd,1
Thurlowjake,1
Zeus_Kodiak,1
Subbie701,1
ZTRX,1
charlie5357,1
happymimi,1
loverboat,1
ljane25,1
DDmelons,1
Dingus5000,1
Bornuhei,1
mirumiru9,1
hahalittlesnow,1
incentf,1
babachi,1
daihukunozidai,1
Kurokki,1
Amebus,1
jb4041,1
soccergallery,1
TurboBeaver,1
papalite,1
sukaiiiii,1
rachy318,1
babachi,1
daihukunozidai,1
Kurokki,1
Amebus,1
jb4041,1
soccergallery,1
TurboBeaver,1
papalite,1
sukaiiiii,1
rachy318,1
ma__i__,0
sigurdur130,0
Dapxx,0
MrFoool,0
Visgo,0
ken20231117,0
ksrnro01p,0
hazkill,0
naufalizza,0
Min mi,0
jay20231118,0
5dengnu,0
ken20231118,0
Fadrizio Romano,0
cooblg,0
shu shu shu shu123,0
joxoleon92,0
phiara,0
rodro13579,0
faker of walls,0
yone183,0
kawaiino,0
dakara66,0
CoffeeLego,0
SHOTAbgbg,0
Krakusha,0
Baeto,0
xpn8,0
Berunysos,0
DamasMasala,0
laulau0909,0
Zwirl,0
mahdi246,0
arceusz,0
guiller97,0
pete1234789,0
Ghosthfh,0
heavy wall,0
poppycock1,0
BigHuck,0
Egzify,0
LOLODE,0
talha özçelik,0
crazyTLH,0
o1610,0
Chiguichon,0
yupochi,0
fdsxrgbdhbg,0
Monao,0
jtaeju,0
Noah Is 2 Good,0
elo0459,0
777MyxoMop777,0
Tafii,0
minidorarara,0
morzsidek,0
Murelis100,0
yanik53923,0
roky88,0
WhyRUGey,0
tanmay017,0
LZ-129,0
BugLocker,0
gygu,0
dante cloud,0
SaltySoL,0
indaobow,0
KoriOuO,0
tukino wakuma,0
loxintt,0
fth3416,0
TwoTrickPony,0
dasdas11111,0
MuscularCat196,0
miyasitamasa,0
sukkmadikk,0
kimkim42,0
Arifs,0
Hbae93,0
cappycappy,0
OS GA,0
UnfreshPrincessErika,0
jSOvPQ7PAp,0
Turenne1611,0
owen111111455567,0
crcanization,0
tipetl,0
yuki100p,0
sabanc,0
light sider,0
OS GA,0
UnfreshPrincessErika,0
jSOvPQ7PAp,0
Turenne1611,0
owen111111455567,0
crcanization,0
tipetl,0
yuki100p,0
sabanc,0
light sider,0
aikoromo,0
oo0ps,0
seungjae0514,0
ShareyCCCC,0
roky88888,0
Rico81,0
Satanas7893,0
Levanahh,0
NightPrince,0
iiCantwiN,0
Kuvjan,0
ayse0735,0
simbaat,0
yumin2024,0
duralieglen,0
mattominkun,0
azuki777,0
easy89,0
ssan nom,0
junhyeong2022,0
hiddeh,0
chief_panda,0
paskuso,0
GHD1958,0
fkln06,0
LuisEst01,0
Prenav D J,0
alon623,0
lhj1103,0
blue0123,0
hiddeh,0
chief_panda,0
paskuso,0
GHD1958,0
fkln06,0
LuisEst01,0
Prenav D J,0
alon623,0
lhj1103,0
blue0123,0
EGO360ABC,0
Rhajj,0
pankuso,0
asistent,0
abeytar,0
Chef Marteau,0
D_Solomon,0
umett,0
saviru,0
wzy0723,0
EGO360ABC,0
Rhajj,0
pankuso,0
asistent,0
abeytar,0
Chef Marteau,0
D_Solomon,0
umett,0
saviru,0
wzy0723,0
